method,scenario,iteration,converged,time_sec,n_iter,objective,tau2,n_params,init_val_idx,message
TwoStage_RCS_DL_HKSJ,1_linear_low_het,0,True,0.0036458969116210938,,,2.4815194897903235e-08,,,Success
TwoStage_RCS_Fixed,1_linear_low_het,0,True,0.0015096664428710938,,,,,,Success
OneStage_RCS,1_linear_low_het,0,True,0.18094944953918457,,,0.00999999999999996,,,Success
TwoStage_RCS_DL_HKSJ,1_linear_low_het,1,True,0.002307891845703125,,,5.8467628283340665e-08,,,Success
TwoStage_RCS_Fixed,1_linear_low_het,1,True,0.0014829635620117188,,,,,,Success
OneStage_RCS,1_linear_low_het,1,True,0.11919903755187988,,,0.009999999999999995,,,Success
TwoStage_RCS_DL_HKSJ,1_linear_low_het,2,True,0.0022995471954345703,,,7.571555263964863e-08,,,Success
TwoStage_RCS_Fixed,1_linear_low_het,2,True,0.001447916030883789,,,,,,Success
OneStage_RCS,1_linear_low_het,2,True,0.18946099281311035,,,0.011074635158522503,,,Success
TwoStage_RCS_DL_HKSJ,1_linear_low_het,3,True,0.002458333969116211,,,1.5965977610618486e-08,,,Success
TwoStage_RCS_Fixed,1_linear_low_het,3,True,0.0013973712921142578,,,,,,Success
OneStage_RCS,1_linear_low_het,3,True,0.2814195156097412,,,0.009999989877334595,,,Success
TwoStage_RCS_DL_HKSJ,1_linear_low_het,4,True,0.0024957656860351562,,,5.285916018003487e-08,,,Success
TwoStage_RCS_Fixed,1_linear_low_het,4,True,0.0019071102142333984,,,,,,Success
OneStage_RCS,1_linear_low_het,4,True,0.18553829193115234,,,0.00999999581195173,,,Success
TwoStage_RCS_DL_HKSJ,1_linear_low_het,5,True,0.0023355484008789062,,,8.71547449956137e-08,,,Success
TwoStage_RCS_Fixed,1_linear_low_het,5,True,0.0014445781707763672,,,,,,Success
OneStage_RCS,1_linear_low_het,5,True,0.07635331153869629,,,0.00999999999999996,,,Success
TwoStage_RCS_DL_HKSJ,1_linear_low_het,6,True,0.002232789993286133,,,5.581177960143967e-08,,,Success
TwoStage_RCS_Fixed,1_linear_low_het,6,True,0.001516103744506836,,,,,,Success
OneStage_RCS,1_linear_low_het,6,True,0.31441402435302734,,,0.010000370163885275,,,Success
TwoStage_RCS_DL_HKSJ,1_linear_low_het,7,True,0.002379179000854492,,,7.999140849237385e-08,,,Success
TwoStage_RCS_Fixed,1_linear_low_het,7,True,0.0014522075653076172,,,,,,Success
OneStage_RCS,1_linear_low_het,7,True,0.25872135162353516,,,0.011693762492673213,,,Success
TwoStage_RCS_DL_HKSJ,1_linear_low_het,8,True,0.0023984909057617188,,,1.3211759818508016e-07,,,Success
TwoStage_RCS_Fixed,1_linear_low_het,8,True,0.0013048648834228516,,,,,,Success
OneStage_RCS,1_linear_low_het,8,True,0.21384382247924805,,,0.014262824375907094,,,Success
TwoStage_RCS_DL_HKSJ,1_linear_low_het,9,True,0.002616405487060547,,,9.260411872975743e-08,,,Success
TwoStage_RCS_Fixed,1_linear_low_het,9,True,0.0017132759094238281,,,,,,Success
OneStage_RCS,1_linear_low_het,9,True,0.2623748779296875,,,0.01318112353189429,,,Success
TwoStage_RCS_DL_HKSJ,1_linear_low_het,10,True,0.0021800994873046875,,,8.530597779584857e-08,,,Success
TwoStage_RCS_Fixed,1_linear_low_het,10,True,0.0015859603881835938,,,,,,Success
OneStage_RCS,1_linear_low_het,10,True,0.1257927417755127,,,0.011107928536085136,,,Success
TwoStage_RCS_DL_HKSJ,1_linear_low_het,11,True,0.0021893978118896484,,,1.6712758346120074e-07,,,Success
TwoStage_RCS_Fixed,1_linear_low_het,11,True,0.0014159679412841797,,,,,,Success
OneStage_RCS,1_linear_low_het,11,True,0.1846632957458496,,,0.023715696152203893,,,Success
TwoStage_RCS_DL_HKSJ,1_linear_low_het,12,True,0.002379179000854492,,,2.8710242189127268e-08,,,Success
TwoStage_RCS_Fixed,1_linear_low_het,12,True,0.001295328140258789,,,,,,Success
OneStage_RCS,1_linear_low_het,12,True,0.15192794799804688,,,0.009999989196624752,,,Success
TwoStage_RCS_DL_HKSJ,1_linear_low_het,13,True,0.0021805763244628906,,,7.367733346735147e-08,,,Success
TwoStage_RCS_Fixed,1_linear_low_het,13,True,0.001415252685546875,,,,,,Success
OneStage_RCS,1_linear_low_het,13,True,0.18494892120361328,,,0.00999999619427693,,,Success
TwoStage_RCS_DL_HKSJ,1_linear_low_het,14,True,0.0025725364685058594,,,7.82971049663461e-08,,,Success
TwoStage_RCS_Fixed,1_linear_low_het,14,True,0.0014462471008300781,,,,,,Success
OneStage_RCS,1_linear_low_het,14,True,0.2987852096557617,,,0.009999999999999206,,,Success
TwoStage_RCS_DL_HKSJ,1_linear_low_het,15,True,0.0022401809692382812,,,5.31987874826911e-08,,,Success
TwoStage_RCS_Fixed,1_linear_low_het,15,True,0.0013885498046875,,,,,,Success
OneStage_RCS,1_linear_low_het,15,True,0.20365428924560547,,,0.010000000000000014,,,Success
TwoStage_RCS_DL_HKSJ,1_linear_low_het,16,True,0.0021326541900634766,,,7.390116944788471e-08,,,Success
TwoStage_RCS_Fixed,1_linear_low_het,16,True,0.0013265609741210938,,,,,,Success
OneStage_RCS,1_linear_low_het,16,True,0.10659456253051758,,,0.01063780883603326,,,Success
TwoStage_RCS_DL_HKSJ,1_linear_low_het,17,True,0.002170085906982422,,,5.526693611709236e-08,,,Success
TwoStage_RCS_Fixed,1_linear_low_het,17,True,0.001375436782836914,,,,,,Success
OneStage_RCS,1_linear_low_het,17,True,0.23716473579406738,,,0.009999996413831846,,,Success
TwoStage_RCS_DL_HKSJ,1_linear_low_het,18,True,0.0022056102752685547,,,7.156807561877906e-08,,,Success
TwoStage_RCS_Fixed,1_linear_low_het,18,True,0.0013225078582763672,,,,,,Success
OneStage_RCS,1_linear_low_het,18,True,0.16574335098266602,,,0.010042315319221954,,,Success
TwoStage_RCS_DL_HKSJ,1_linear_low_het,19,True,0.002199888229370117,,,8.947640485497304e-08,,,Success
TwoStage_RCS_Fixed,1_linear_low_het,19,True,0.0012993812561035156,,,,,,Success
OneStage_RCS,1_linear_low_het,19,True,0.1991117000579834,,,0.01000000000000146,,,Success
TwoStage_RCS_DL_HKSJ,1_linear_low_het,20,True,0.0025670528411865234,,,5.781261252546105e-08,,,Success
TwoStage_RCS_Fixed,1_linear_low_het,20,True,0.0014696121215820312,,,,,,Success
OneStage_RCS,1_linear_low_het,20,True,0.21767735481262207,,,0.009999999999999978,,,Success
TwoStage_RCS_DL_HKSJ,1_linear_low_het,21,True,0.0022590160369873047,,,7.312507583321054e-08,,,Success
TwoStage_RCS_Fixed,1_linear_low_het,21,True,0.0015716552734375,,,,,,Success
OneStage_RCS,1_linear_low_het,21,True,0.315096378326416,,,0.009999998268734047,,,Success
TwoStage_RCS_DL_HKSJ,1_linear_low_het,22,True,0.002164602279663086,,,6.265783292510782e-08,,,Success
TwoStage_RCS_Fixed,1_linear_low_het,22,True,0.0015137195587158203,,,,,,Success
OneStage_RCS,1_linear_low_het,22,True,0.21227264404296875,,,0.00999999668064397,,,Success
TwoStage_RCS_DL_HKSJ,1_linear_low_het,23,True,0.002353668212890625,,,4.095639121023702e-08,,,Success
TwoStage_RCS_Fixed,1_linear_low_het,23,True,0.001514434814453125,,,,,,Success
OneStage_RCS,1_linear_low_het,23,True,0.3043327331542969,,,0.0099999933145046,,,Success
TwoStage_RCS_DL_HKSJ,1_linear_low_het,24,True,0.0026464462280273438,,,1.8210037736530682e-07,,,Success
TwoStage_RCS_Fixed,1_linear_low_het,24,True,0.0016448497772216797,,,,,,Success
OneStage_RCS,1_linear_low_het,24,True,0.2582526206970215,,,0.019440546712357384,,,Success
TwoStage_RCS_DL_HKSJ,1_linear_low_het,25,True,0.00225067138671875,,,2.0562418051195075e-08,,,Success
TwoStage_RCS_Fixed,1_linear_low_het,25,True,0.0014452934265136719,,,,,,Success
OneStage_RCS,1_linear_low_het,25,True,0.08933472633361816,,,0.00999999999999996,,,Success
TwoStage_RCS_DL_HKSJ,1_linear_low_het,26,True,0.0022661685943603516,,,1.2664451673949798e-07,,,Success
TwoStage_RCS_Fixed,1_linear_low_het,26,True,0.0014145374298095703,,,,,,Success
OneStage_RCS,1_linear_low_het,26,True,0.20373272895812988,,,0.013608612738282115,,,Success
TwoStage_RCS_DL_HKSJ,1_linear_low_het,27,True,0.002298116683959961,,,9.393952980583876e-08,,,Success
TwoStage_RCS_Fixed,1_linear_low_het,27,True,0.0015299320220947266,,,,,,Success
OneStage_RCS,1_linear_low_het,27,True,0.1741478443145752,,,0.010000001242620692,,,Success
TwoStage_RCS_DL_HKSJ,1_linear_low_het,28,True,0.0022020339965820312,,,6.065405993544131e-08,,,Success
TwoStage_RCS_Fixed,1_linear_low_het,28,True,0.0015366077423095703,,,,,,Success
OneStage_RCS,1_linear_low_het,28,True,0.1532447338104248,,,0.009999999999999986,,,Success
TwoStage_RCS_DL_HKSJ,1_linear_low_het,29,True,0.00258636474609375,,,1.7483394428043423e-08,,,Success
TwoStage_RCS_Fixed,1_linear_low_het,29,True,0.0012226104736328125,,,,,,Success
OneStage_RCS,1_linear_low_het,29,True,0.10517263412475586,,,0.009999992753832983,,,Success
TwoStage_RCS_DL_HKSJ,1_linear_low_het,30,True,0.002118349075317383,,,5.4631983738212157e-08,,,Success
TwoStage_RCS_Fixed,1_linear_low_het,30,True,0.0012841224670410156,,,,,,Success
OneStage_RCS,1_linear_low_het,30,True,0.25379443168640137,,,0.009999994435097966,,,Success
TwoStage_RCS_DL_HKSJ,1_linear_low_het,31,True,0.002244710922241211,,,2.0598349453971155e-08,,,Success
TwoStage_RCS_Fixed,1_linear_low_het,31,True,0.001344919204711914,,,,,,Success
OneStage_RCS,1_linear_low_het,31,True,0.0735783576965332,,,0.009999999999999934,,,Success
TwoStage_RCS_DL_HKSJ,1_linear_low_het,32,True,0.0021982192993164062,,,2.7430256227136603e-08,,,Success
TwoStage_RCS_Fixed,1_linear_low_het,32,True,0.0012602806091308594,,,,,,Success
OneStage_RCS,1_linear_low_het,32,True,0.1577777862548828,,,0.009999990156329871,,,Success
TwoStage_RCS_DL_HKSJ,1_linear_low_het,33,True,0.002190828323364258,,,1.2147890119709994e-07,,,Success
TwoStage_RCS_Fixed,1_linear_low_het,33,True,0.0013346672058105469,,,,,,Success
OneStage_RCS,1_linear_low_het,33,True,0.25187063217163086,,,0.013731362594317554,,,Success
TwoStage_RCS_DL_HKSJ,1_linear_low_het,34,True,0.002223968505859375,,,2.757910620643106e-08,,,Success
TwoStage_RCS_Fixed,1_linear_low_het,34,True,0.001279592514038086,,,,,,Success
OneStage_RCS,1_linear_low_het,34,True,0.16840887069702148,,,0.009999990046816249,,,Success
TwoStage_RCS_DL_HKSJ,1_linear_low_het,35,True,0.0021772384643554688,,,1.0149872122496153e-07,,,Success
TwoStage_RCS_Fixed,1_linear_low_het,35,True,0.0013110637664794922,,,,,,Success
OneStage_RCS,1_linear_low_het,35,True,0.18925714492797852,,,0.010000000000000014,,,Success
TwoStage_RCS_DL_HKSJ,1_linear_low_het,36,True,0.0023009777069091797,,,4.486264181840549e-08,,,Success
TwoStage_RCS_Fixed,1_linear_low_het,36,True,0.0014467239379882812,,,,,,Success
OneStage_RCS,1_linear_low_het,36,True,0.13386774063110352,,,0.009999999421761675,,,Success
TwoStage_RCS_DL_HKSJ,1_linear_low_het,37,True,0.0022928714752197266,,,1.960252427819018e-08,,,Success
TwoStage_RCS_Fixed,1_linear_low_het,37,True,0.0016901493072509766,,,,,,Success
OneStage_RCS,1_linear_low_het,37,True,0.08533167839050293,,,0.009999999999999969,,,Success
TwoStage_RCS_DL_HKSJ,1_linear_low_het,38,True,0.002165555953979492,,,4.885707443684623e-08,,,Success
TwoStage_RCS_Fixed,1_linear_low_het,38,True,0.0013802051544189453,,,,,,Success
OneStage_RCS,1_linear_low_het,38,True,0.15723228454589844,,,0.009999998087194416,,,Success
TwoStage_RCS_DL_HKSJ,1_linear_low_het,39,True,0.002310037612915039,,,1.155122304023257e-07,,,Success
TwoStage_RCS_Fixed,1_linear_low_het,39,True,0.0013191699981689453,,,,,,Success
OneStage_RCS,1_linear_low_het,39,True,0.1092367172241211,,,0.013886409473254051,,,Success
TwoStage_RCS_DL_HKSJ,1_linear_low_het,40,True,0.0021278858184814453,,,4.021482154544211e-08,,,Success
TwoStage_RCS_Fixed,1_linear_low_het,40,True,0.0012555122375488281,,,,,,Success
OneStage_RCS,1_linear_low_het,40,True,0.250751256942749,,,0.009999999999999978,,,Success
TwoStage_RCS_DL_HKSJ,1_linear_low_het,41,True,0.002213716506958008,,,1.452627798673916e-07,,,Success
TwoStage_RCS_Fixed,1_linear_low_het,41,True,0.0013003349304199219,,,,,,Success
OneStage_RCS,1_linear_low_het,41,True,0.23811101913452148,,,0.01528998467790391,,,Success
TwoStage_RCS_DL_HKSJ,1_linear_low_het,42,True,0.0021729469299316406,,,8.962043656816413e-08,,,Success
TwoStage_RCS_Fixed,1_linear_low_het,42,True,0.0013964176177978516,,,,,,Success
OneStage_RCS,1_linear_low_het,42,True,0.17811298370361328,,,0.011645690125423493,,,Success
TwoStage_RCS_DL_HKSJ,1_linear_low_het,43,True,0.002195596694946289,,,8.22980739063928e-08,,,Success
TwoStage_RCS_Fixed,1_linear_low_het,43,True,0.001425027847290039,,,,,,Success
OneStage_RCS,1_linear_low_het,43,True,0.14515972137451172,,,0.010045850487045784,,,Success
TwoStage_RCS_DL_HKSJ,1_linear_low_het,44,True,0.0034360885620117188,,,4.2946395390953155e-08,,,Success
TwoStage_RCS_Fixed,1_linear_low_het,44,True,0.0015163421630859375,,,,,,Success
OneStage_RCS,1_linear_low_het,44,True,0.07351827621459961,,,0.009999999999999969,,,Success
TwoStage_RCS_DL_HKSJ,1_linear_low_het,45,True,0.0021131038665771484,,,5.1137295954008465e-08,,,Success
TwoStage_RCS_Fixed,1_linear_low_het,45,True,0.0013153553009033203,,,,,,Success
OneStage_RCS,1_linear_low_het,45,True,0.10984683036804199,,,0.009999995372621227,,,Success
TwoStage_RCS_DL_HKSJ,1_linear_low_het,46,True,0.0020966529846191406,,,4.3873575355802655e-08,,,Success
TwoStage_RCS_Fixed,1_linear_low_het,46,True,0.0012867450714111328,,,,,,Success
OneStage_RCS,1_linear_low_het,46,True,0.08189082145690918,,,0.009999999999999978,,,Success
TwoStage_RCS_DL_HKSJ,1_linear_low_het,47,True,0.0021104812622070312,,,1.4617839647621474e-07,,,Success
TwoStage_RCS_Fixed,1_linear_low_het,47,True,0.0013871192932128906,,,,,,Success
OneStage_RCS,1_linear_low_het,47,True,0.23498153686523438,,,0.01562046983681793,,,Success
TwoStage_RCS_DL_HKSJ,1_linear_low_het,48,True,0.0026199817657470703,,,1.445963862924078e-07,,,Success
TwoStage_RCS_Fixed,1_linear_low_het,48,True,0.0015981197357177734,,,,,,Success
OneStage_RCS,1_linear_low_het,48,True,0.24012541770935059,,,0.01632469476034672,,,Success
TwoStage_RCS_DL_HKSJ,1_linear_low_het,49,True,0.0024514198303222656,,,8.454016434261008e-08,,,Success
TwoStage_RCS_Fixed,1_linear_low_het,49,True,0.0018725395202636719,,,,,,Success
OneStage_RCS,1_linear_low_het,49,True,0.12134218215942383,,,0.009999999999999995,,,Success
TwoStage_RCS_DL_HKSJ,2_quadratic_mod_het,0,True,0.002638101577758789,,,1.451014014657193e-07,,,Success
TwoStage_RCS_Fixed,2_quadratic_mod_het,0,True,0.0017752647399902344,,,,,,Success
OneStage_RCS,2_quadratic_mod_het,0,True,0.13045930862426758,,,0.01515975854951577,,,Success
TwoStage_RCS_DL_HKSJ,2_quadratic_mod_het,1,True,0.002378225326538086,,,3.795547240447751e-07,,,Success
TwoStage_RCS_Fixed,2_quadratic_mod_het,1,True,0.0012216567993164062,,,,,,Success
OneStage_RCS,2_quadratic_mod_het,1,True,0.09607958793640137,,,0.04244276848058505,,,Success
TwoStage_RCS_DL_HKSJ,2_quadratic_mod_het,2,True,0.00257110595703125,,,3.707068071263127e-07,,,Success
TwoStage_RCS_Fixed,2_quadratic_mod_het,2,True,0.0014462471008300781,,,,,,Success
OneStage_RCS,2_quadratic_mod_het,2,True,0.20099449157714844,,,0.0471063615816132,,,Success
TwoStage_RCS_DL_HKSJ,2_quadratic_mod_het,3,True,0.0024962425231933594,,,1.5161067543244212e-07,,,Success
TwoStage_RCS_Fixed,2_quadratic_mod_het,3,True,0.0012483596801757812,,,,,,Success
OneStage_RCS,2_quadratic_mod_het,3,True,0.1838970184326172,,,0.020396637600241973,,,Success
TwoStage_RCS_DL_HKSJ,2_quadratic_mod_het,4,True,0.002378702163696289,,,2.6920680724535286e-07,,,Success
TwoStage_RCS_Fixed,2_quadratic_mod_het,4,True,0.0014870166778564453,,,,,,Success
OneStage_RCS,2_quadratic_mod_het,4,True,0.21973228454589844,,,0.03138479449875057,,,Success
TwoStage_RCS_DL_HKSJ,2_quadratic_mod_het,5,True,0.0035386085510253906,,,4.0218658186186123e-07,,,Success
TwoStage_RCS_Fixed,2_quadratic_mod_het,5,True,0.002054452896118164,,,,,,Success
OneStage_RCS,2_quadratic_mod_het,5,True,0.21128392219543457,,,0.03710381883024768,,,Success
TwoStage_RCS_DL_HKSJ,2_quadratic_mod_het,6,True,0.0021643638610839844,,,3.543709249626002e-07,,,Success
TwoStage_RCS_Fixed,2_quadratic_mod_het,6,True,0.001310586929321289,,,,,,Success
OneStage_RCS,2_quadratic_mod_het,6,True,0.1792163848876953,,,0.047205929913102775,,,Success
TwoStage_RCS_DL_HKSJ,2_quadratic_mod_het,7,True,0.0023775100708007812,,,4.3059997752153944e-07,,,Success
TwoStage_RCS_Fixed,2_quadratic_mod_het,7,True,0.0011796951293945312,,,,,,Success
OneStage_RCS,2_quadratic_mod_het,7,True,0.3978109359741211,,,0.06583208149387729,,,Success
TwoStage_RCS_DL_HKSJ,2_quadratic_mod_het,8,True,0.0021517276763916016,,,5.79486725038869e-07,,,Success
TwoStage_RCS_Fixed,2_quadratic_mod_het,8,True,0.0013692378997802734,,,,,,Success
OneStage_RCS,2_quadratic_mod_het,8,True,0.21539735794067383,,,0.060454210313822185,,,Success
TwoStage_RCS_DL_HKSJ,2_quadratic_mod_het,9,True,0.0023403167724609375,,,4.632578759230012e-07,,,Success
TwoStage_RCS_Fixed,2_quadratic_mod_het,9,True,0.0013780593872070312,,,,,,Success
OneStage_RCS,2_quadratic_mod_het,9,True,0.25254154205322266,,,0.057975397929441265,,,Success
TwoStage_RCS_DL_HKSJ,2_quadratic_mod_het,10,True,0.002466917037963867,,,5.014904883098781e-07,,,Success
TwoStage_RCS_Fixed,2_quadratic_mod_het,10,True,0.0013699531555175781,,,,,,Success
OneStage_RCS,2_quadratic_mod_het,10,True,0.10293722152709961,,,0.05456629028231466,,,Success
TwoStage_RCS_DL_HKSJ,2_quadratic_mod_het,11,True,0.0024459362030029297,,,8.589180876384116e-07,,,Success
TwoStage_RCS_Fixed,2_quadratic_mod_het,11,True,0.0013570785522460938,,,,,,Success
OneStage_RCS,2_quadratic_mod_het,11,True,0.17267680168151855,,,0.11273061796002236,,,Success
TwoStage_RCS_DL_HKSJ,2_quadratic_mod_het,12,True,0.0022008419036865234,,,2.457073453788889e-07,,,Success
TwoStage_RCS_Fixed,2_quadratic_mod_het,12,True,0.0014081001281738281,,,,,,Success
OneStage_RCS,2_quadratic_mod_het,12,True,0.19629383087158203,,,0.02440044406672499,,,Success
TwoStage_RCS_DL_HKSJ,2_quadratic_mod_het,13,True,0.0021295547485351562,,,3.384668859150594e-07,,,Success
TwoStage_RCS_Fixed,2_quadratic_mod_het,13,True,0.001355886459350586,,,,,,Success
OneStage_RCS,2_quadratic_mod_het,13,True,0.31444764137268066,,,0.03546887452541851,,,Success
TwoStage_RCS_DL_HKSJ,2_quadratic_mod_het,14,True,0.0021822452545166016,,,4.086671178075844e-07,,,Success
TwoStage_RCS_Fixed,2_quadratic_mod_het,14,True,0.0013518333435058594,,,,,,Success
OneStage_RCS,2_quadratic_mod_het,14,True,0.28456616401672363,,,0.042911007476283645,,,Success
TwoStage_RCS_DL_HKSJ,2_quadratic_mod_het,15,True,0.002321004867553711,,,3.548687349848091e-07,,,Success
TwoStage_RCS_Fixed,2_quadratic_mod_het,15,True,0.0014247894287109375,,,,,,Success
OneStage_RCS,2_quadratic_mod_het,15,True,0.2568542957305908,,,0.05086978896244236,,,Success
TwoStage_RCS_DL_HKSJ,2_quadratic_mod_het,16,True,0.0021715164184570312,,,4.3300125049062595e-07,,,Success
TwoStage_RCS_Fixed,2_quadratic_mod_het,16,True,0.0013804435729980469,,,,,,Success
OneStage_RCS,2_quadratic_mod_het,16,True,0.11373543739318848,,,0.05506828098083274,,,Success
TwoStage_RCS_DL_HKSJ,2_quadratic_mod_het,17,True,0.0021016597747802734,,,2.852043077542986e-07,,,Success
TwoStage_RCS_Fixed,2_quadratic_mod_het,17,True,0.0013272762298583984,,,,,,Success
OneStage_RCS,2_quadratic_mod_het,17,True,0.1814110279083252,,,0.03135959106743441,,,Success
TwoStage_RCS_DL_HKSJ,2_quadratic_mod_het,18,True,0.0021860599517822266,,,3.1625089126050127e-07,,,Success
TwoStage_RCS_Fixed,2_quadratic_mod_het,18,True,0.0012831687927246094,,,,,,Success
OneStage_RCS,2_quadratic_mod_het,18,True,0.27150607109069824,,,0.04277958409485961,,,Success
TwoStage_RCS_DL_HKSJ,2_quadratic_mod_het,19,True,0.002157926559448242,,,4.761430273470842e-07,,,Success
TwoStage_RCS_Fixed,2_quadratic_mod_het,19,True,0.0013718605041503906,,,,,,Success
OneStage_RCS,2_quadratic_mod_het,19,True,0.30381035804748535,,,0.050727135009353705,,,Success
TwoStage_RCS_DL_HKSJ,2_quadratic_mod_het,20,True,0.0022182464599609375,,,3.5442451637197573e-07,,,Success
TwoStage_RCS_Fixed,2_quadratic_mod_het,20,True,0.0013802051544189453,,,,,,Success
OneStage_RCS,2_quadratic_mod_het,20,True,0.20544862747192383,,,0.03684478149267147,,,Success
TwoStage_RCS_DL_HKSJ,2_quadratic_mod_het,21,True,0.0021448135375976562,,,3.916714905634478e-07,,,Success
TwoStage_RCS_Fixed,2_quadratic_mod_het,21,True,0.0013897418975830078,,,,,,Success
OneStage_RCS,2_quadratic_mod_het,21,True,0.32825446128845215,,,0.04313886581162203,,,Success
TwoStage_RCS_DL_HKSJ,2_quadratic_mod_het,22,True,0.0022585391998291016,,,3.309520434279954e-07,,,Success
TwoStage_RCS_Fixed,2_quadratic_mod_het,22,True,0.0014545917510986328,,,,,,Success
OneStage_RCS,2_quadratic_mod_het,22,True,0.2119443416595459,,,0.037704950144370385,,,Success
TwoStage_RCS_DL_HKSJ,2_quadratic_mod_het,23,True,0.002134561538696289,,,2.804699530902314e-07,,,Success
TwoStage_RCS_Fixed,2_quadratic_mod_het,23,True,0.0013022422790527344,,,,,,Success
OneStage_RCS,2_quadratic_mod_het,23,True,0.19379901885986328,,,0.03165341586646059,,,Success
TwoStage_RCS_DL_HKSJ,2_quadratic_mod_het,24,True,0.0022966861724853516,,,8.193635116070448e-07,,,Success
TwoStage_RCS_Fixed,2_quadratic_mod_het,24,True,0.001470804214477539,,,,,,Success
OneStage_RCS,2_quadratic_mod_het,24,True,0.3337976932525635,,,0.09999999025086762,,,Success
TwoStage_RCS_DL_HKSJ,2_quadratic_mod_het,25,True,0.002162456512451172,,,2.1285496612808675e-07,,,Success
TwoStage_RCS_Fixed,2_quadratic_mod_het,25,True,0.0013670921325683594,,,,,,Success
OneStage_RCS,2_quadratic_mod_het,25,True,0.14186406135559082,,,0.026683685831836595,,,Success
TwoStage_RCS_DL_HKSJ,2_quadratic_mod_het,26,True,0.002128124237060547,,,6.512461691298272e-07,,,Success
TwoStage_RCS_Fixed,2_quadratic_mod_het,26,True,0.0013592243194580078,,,,,,Success
OneStage_RCS,2_quadratic_mod_het,26,True,0.263533353805542,,,0.07187876569901158,,,Success
TwoStage_RCS_DL_HKSJ,2_quadratic_mod_het,27,True,0.0022513866424560547,,,4.159579752730188e-07,,,Success
TwoStage_RCS_Fixed,2_quadratic_mod_het,27,True,0.0014159679412841797,,,,,,Success
OneStage_RCS,2_quadratic_mod_het,27,True,0.1723334789276123,,,0.0473714656653846,,,Success
TwoStage_RCS_DL_HKSJ,2_quadratic_mod_het,28,True,0.002562284469604492,,,3.1917125194298066e-07,,,Success
TwoStage_RCS_Fixed,2_quadratic_mod_het,28,True,0.0015728473663330078,,,,,,Success
OneStage_RCS,2_quadratic_mod_het,28,True,0.28526949882507324,,,0.03503107886195879,,,Success
TwoStage_RCS_DL_HKSJ,2_quadratic_mod_het,29,True,0.0031898021697998047,,,1.7933122622409377e-07,,,Success
TwoStage_RCS_Fixed,2_quadratic_mod_het,29,True,0.0014185905456542969,,,,,,Success
OneStage_RCS,2_quadratic_mod_het,29,True,0.27370429039001465,,,0.023987589446759532,,,Success
TwoStage_RCS_DL_HKSJ,2_quadratic_mod_het,30,True,0.0022361278533935547,,,2.9566130539232423e-07,,,Success
TwoStage_RCS_Fixed,2_quadratic_mod_het,30,True,0.0013074874877929688,,,,,,Success
OneStage_RCS,2_quadratic_mod_het,30,True,0.283461332321167,,,0.03225184773674532,,,Success
TwoStage_RCS_DL_HKSJ,2_quadratic_mod_het,31,True,0.003696441650390625,,,1.971017238527844e-07,,,Success
TwoStage_RCS_Fixed,2_quadratic_mod_het,31,True,0.0022687911987304688,,,,,,Success
OneStage_RCS,2_quadratic_mod_het,31,True,0.20732975006103516,,,0.022594010532774808,,,Success
TwoStage_RCS_DL_HKSJ,2_quadratic_mod_het,32,True,0.002463817596435547,,,2.185448021950088e-07,,,Success
TwoStage_RCS_Fixed,2_quadratic_mod_het,32,True,0.00133514404296875,,,,,,Success
OneStage_RCS,2_quadratic_mod_het,32,True,0.33678388595581055,,,0.024411050140753388,,,Success
TwoStage_RCS_DL_HKSJ,2_quadratic_mod_het,33,True,0.002201557159423828,,,6.392174696793485e-07,,,Success
TwoStage_RCS_Fixed,2_quadratic_mod_het,33,True,0.0013349056243896484,,,,,,Success
OneStage_RCS,2_quadratic_mod_het,33,True,0.29499173164367676,,,0.0666260968730055,,,Success
TwoStage_RCS_DL_HKSJ,2_quadratic_mod_het,34,True,0.0021941661834716797,,,1.813405643720398e-07,,,Success
TwoStage_RCS_Fixed,2_quadratic_mod_het,34,True,0.0014028549194335938,,,,,,Success
OneStage_RCS,2_quadratic_mod_het,34,True,0.14251303672790527,,,0.02167099494409054,,,Success
TwoStage_RCS_DL_HKSJ,2_quadratic_mod_het,35,True,0.0021898746490478516,,,4.7577447904921444e-07,,,Success
TwoStage_RCS_Fixed,2_quadratic_mod_het,35,True,0.0014841556549072266,,,,,,Success
OneStage_RCS,2_quadratic_mod_het,35,True,0.22527647018432617,,,0.047057626640804325,,,Success
TwoStage_RCS_DL_HKSJ,2_quadratic_mod_het,36,True,0.0021278858184814453,,,2.6556287660827406e-07,,,Success
TwoStage_RCS_Fixed,2_quadratic_mod_het,36,True,0.0013556480407714844,,,,,,Success
OneStage_RCS,2_quadratic_mod_het,36,True,0.07799744606018066,,,0.03699117219269718,,,Success
TwoStage_RCS_DL_HKSJ,2_quadratic_mod_het,37,True,0.002206563949584961,,,1.6836509404724902e-07,,,Success
TwoStage_RCS_Fixed,2_quadratic_mod_het,37,True,0.0013720989227294922,,,,,,Success
OneStage_RCS,2_quadratic_mod_het,37,True,0.12058687210083008,,,0.023971756205411237,,,Success
TwoStage_RCS_DL_HKSJ,2_quadratic_mod_het,38,True,0.0021576881408691406,,,2.8881073917440666e-07,,,Success
TwoStage_RCS_Fixed,2_quadratic_mod_het,38,True,0.0014064311981201172,,,,,,Success
OneStage_RCS,2_quadratic_mod_het,38,True,0.4275507926940918,,,0.040218741452881186,,,Success
TwoStage_RCS_DL_HKSJ,2_quadratic_mod_het,39,True,0.00217437744140625,,,5.674648721869165e-07,,,Success
TwoStage_RCS_Fixed,2_quadratic_mod_het,39,True,0.0014231204986572266,,,,,,Success
OneStage_RCS,2_quadratic_mod_het,39,True,0.29239344596862793,,,0.07024633432529154,,,Success
TwoStage_RCS_DL_HKSJ,2_quadratic_mod_het,40,True,0.0022394657135009766,,,2.148235875168889e-07,,,Success
TwoStage_RCS_Fixed,2_quadratic_mod_het,40,True,0.0015747547149658203,,,,,,Success
OneStage_RCS,2_quadratic_mod_het,40,True,0.21042299270629883,,,0.023487826773969465,,,Success
TwoStage_RCS_DL_HKSJ,2_quadratic_mod_het,41,True,0.0035703182220458984,,,6.860430183031191e-07,,,Success
TwoStage_RCS_Fixed,2_quadratic_mod_het,41,True,0.001863718032836914,,,,,,Success
OneStage_RCS,2_quadratic_mod_het,41,True,0.18664932250976562,,,0.07219308554456141,,,Success
TwoStage_RCS_DL_HKSJ,2_quadratic_mod_het,42,True,0.0021986961364746094,,,5.076598348976268e-07,,,Success
TwoStage_RCS_Fixed,2_quadratic_mod_het,42,True,0.0012907981872558594,,,,,,Success
OneStage_RCS,2_quadratic_mod_het,42,True,0.22716879844665527,,,0.05786747815487839,,,Success
TwoStage_RCS_DL_HKSJ,2_quadratic_mod_het,43,True,0.002218484878540039,,,4.0842243521373086e-07,,,Success
TwoStage_RCS_Fixed,2_quadratic_mod_het,43,True,0.0013613700866699219,,,,,,Success
OneStage_RCS,2_quadratic_mod_het,43,True,0.17849421501159668,,,0.04729347623257654,,,Success
TwoStage_RCS_DL_HKSJ,2_quadratic_mod_het,44,True,0.0021414756774902344,,,2.5969176665673505e-07,,,Success
TwoStage_RCS_Fixed,2_quadratic_mod_het,44,True,0.0013980865478515625,,,,,,Success
OneStage_RCS,2_quadratic_mod_het,44,True,0.16778874397277832,,,0.03154996235533635,,,Success
TwoStage_RCS_DL_HKSJ,2_quadratic_mod_het,45,True,0.0021703243255615234,,,2.878396584727285e-07,,,Success
TwoStage_RCS_Fixed,2_quadratic_mod_het,45,True,0.0013499259948730469,,,,,,Success
OneStage_RCS,2_quadratic_mod_het,45,True,0.15244770050048828,,,0.03625102210338057,,,Success
TwoStage_RCS_DL_HKSJ,2_quadratic_mod_het,46,True,0.0021805763244628906,,,2.1035820748537274e-07,,,Success
TwoStage_RCS_Fixed,2_quadratic_mod_het,46,True,0.0013277530670166016,,,,,,Success
OneStage_RCS,2_quadratic_mod_het,46,True,0.204819917678833,,,0.022300093091949833,,,Success
TwoStage_RCS_DL_HKSJ,2_quadratic_mod_het,47,True,0.0023038387298583984,,,6.821863311161122e-07,,,Success
TwoStage_RCS_Fixed,2_quadratic_mod_het,47,True,0.0014164447784423828,,,,,,Success
OneStage_RCS,2_quadratic_mod_het,47,True,0.2852902412414551,,,0.07231075717584337,,,Success
TwoStage_RCS_DL_HKSJ,2_quadratic_mod_het,48,True,0.0022439956665039062,,,7.190305473136066e-07,,,Success
TwoStage_RCS_Fixed,2_quadratic_mod_het,48,True,0.0013763904571533203,,,,,,Success
OneStage_RCS,2_quadratic_mod_het,48,True,0.24460625648498535,,,0.08091261933337295,,,Success
TwoStage_RCS_DL_HKSJ,2_quadratic_mod_het,49,True,0.00225067138671875,,,4.3955651439381426e-07,,,Success
TwoStage_RCS_Fixed,2_quadratic_mod_het,49,True,0.0014190673828125,,,,,,Success
OneStage_RCS,2_quadratic_mod_het,49,True,0.10649657249450684,,,0.043535047779081286,,,Success
TwoStage_RCS_DL_HKSJ,3_log_high_het,0,True,0.002385377883911133,,,3.598281718348644e-07,,,Success
TwoStage_RCS_Fixed,3_log_high_het,0,True,0.0014126300811767578,,,,,,Success
OneStage_RCS,3_log_high_het,0,True,0.13251614570617676,,,0.044760450863587466,,,Success
TwoStage_RCS_DL_HKSJ,3_log_high_het,1,True,0.002315521240234375,,,7.814888477556023e-07,,,Success
TwoStage_RCS_Fixed,3_log_high_het,1,True,0.0014185905456542969,,,,,,Success
OneStage_RCS,3_log_high_het,1,True,0.18204617500305176,,,0.09867843097898793,,,Success
TwoStage_RCS_DL_HKSJ,3_log_high_het,2,True,0.002279996871948242,,,1.044782840804467e-06,,,Success
TwoStage_RCS_Fixed,3_log_high_het,2,True,0.0014142990112304688,,,,,,Success
OneStage_RCS,3_log_high_het,2,True,0.18636322021484375,,,0.11640973529570486,,,Success
TwoStage_RCS_DL_HKSJ,3_log_high_het,3,True,0.0030803680419921875,,,4.3194214613608706e-07,,,Success
TwoStage_RCS_Fixed,3_log_high_het,3,True,0.0013692378997802734,,,,,,Success
OneStage_RCS,3_log_high_het,3,True,0.22797870635986328,,,0.06975741184010122,,,Success
TwoStage_RCS_DL_HKSJ,3_log_high_het,4,True,0.0023889541625976562,,,6.983021113885045e-07,,,Success
TwoStage_RCS_Fixed,3_log_high_het,4,True,0.001378774642944336,,,,,,Success
OneStage_RCS,3_log_high_het,4,True,0.20680618286132812,,,0.08664491516295744,,,Success
TwoStage_RCS_DL_HKSJ,3_log_high_het,5,True,0.0023512840270996094,,,9.00841328898453e-07,,,Success
TwoStage_RCS_Fixed,3_log_high_het,5,True,0.0013713836669921875,,,,,,Success
OneStage_RCS,3_log_high_het,5,True,0.24794936180114746,,,0.0904268434474373,,,Success
TwoStage_RCS_DL_HKSJ,3_log_high_het,6,True,0.002223968505859375,,,9.28877846992192e-07,,,Success
TwoStage_RCS_Fixed,3_log_high_het,6,True,0.0013608932495117188,,,,,,Success
OneStage_RCS,3_log_high_het,6,True,0.19543933868408203,,,0.12433642635309065,,,Success
TwoStage_RCS_DL_HKSJ,3_log_high_het,7,True,0.002405405044555664,,,1.1436394717062858e-06,,,Success
TwoStage_RCS_Fixed,3_log_high_het,7,True,0.0015094280242919922,,,,,,Success
OneStage_RCS,3_log_high_het,7,True,0.313464879989624,,,0.1452679890750652,,,Success
TwoStage_RCS_DL_HKSJ,3_log_high_het,8,True,0.0024836063385009766,,,1.1812496307960725e-06,,,Success
TwoStage_RCS_Fixed,3_log_high_het,8,True,0.0015454292297363281,,,,,,Success
OneStage_RCS,3_log_high_het,8,True,0.28905200958251953,,,0.12972705960963413,,,Success
TwoStage_RCS_DL_HKSJ,3_log_high_het,9,True,0.0035905838012695312,,,1.047796176487602e-06,,,Success
TwoStage_RCS_Fixed,3_log_high_het,9,True,0.0021123886108398438,,,,,,Success
OneStage_RCS,3_log_high_het,9,True,0.26087188720703125,,,0.12324485601750407,,,Success
TwoStage_RCS_DL_HKSJ,3_log_high_het,10,True,0.0022127628326416016,,,1.1204083000455093e-06,,,Success
TwoStage_RCS_Fixed,3_log_high_het,10,True,0.001451253890991211,,,,,,Success
OneStage_RCS,3_log_high_het,10,True,0.22882723808288574,,,0.13625428885058746,,,Success
TwoStage_RCS_DL_HKSJ,3_log_high_het,11,True,0.002185821533203125,,,1.6906769466013502e-06,,,Success
TwoStage_RCS_Fixed,3_log_high_het,11,True,0.0013248920440673828,,,,,,Success
OneStage_RCS,3_log_high_het,11,True,0.3322412967681885,,,0.22659320822312615,,,Success
TwoStage_RCS_DL_HKSJ,3_log_high_het,12,True,0.0021262168884277344,,,7.128744819346267e-07,,,Success
TwoStage_RCS_Fixed,3_log_high_het,12,True,0.0013477802276611328,,,,,,Success
OneStage_RCS,3_log_high_het,12,True,0.21041536331176758,,,0.065675903435287,,,Success
TwoStage_RCS_DL_HKSJ,3_log_high_het,13,True,0.0021970272064208984,,,9.518050436374135e-07,,,Success
TwoStage_RCS_Fixed,3_log_high_het,13,True,0.001390218734741211,,,,,,Success
OneStage_RCS,3_log_high_het,13,True,0.2769017219543457,,,0.09764606340784444,,,Success
TwoStage_RCS_DL_HKSJ,3_log_high_het,14,True,0.0022423267364501953,,,8.983307290759403e-07,,,Success
TwoStage_RCS_Fixed,3_log_high_het,14,True,0.001352071762084961,,,,,,Success
OneStage_RCS,3_log_high_het,14,True,0.2505812644958496,,,0.10589734777749324,,,Success
TwoStage_RCS_DL_HKSJ,3_log_high_het,15,True,0.0021314620971679688,,,9.537672108070887e-07,,,Success
TwoStage_RCS_Fixed,3_log_high_het,15,True,0.0013577938079833984,,,,,,Success
OneStage_RCS,3_log_high_het,15,True,0.1326279640197754,,,0.12548118746373585,,,Success
TwoStage_RCS_DL_HKSJ,3_log_high_het,16,True,0.0022068023681640625,,,1.0692704706110433e-06,,,Success
TwoStage_RCS_Fixed,3_log_high_het,16,True,0.0013477802276611328,,,,,,Success
OneStage_RCS,3_log_high_het,16,True,0.10936117172241211,,,0.13669516061465678,,,Success
TwoStage_RCS_DL_HKSJ,3_log_high_het,17,True,0.0021398067474365234,,,7.612277579658584e-07,,,Success
TwoStage_RCS_Fixed,3_log_high_het,17,True,0.0013704299926757812,,,,,,Success
OneStage_RCS,3_log_high_het,17,True,0.21000170707702637,,,0.07614839977207631,,,Success
TwoStage_RCS_DL_HKSJ,3_log_high_het,18,True,0.0022323131561279297,,,7.91642738799368e-07,,,Success
TwoStage_RCS_Fixed,3_log_high_het,18,True,0.0012981891632080078,,,,,,Success
OneStage_RCS,3_log_high_het,18,True,0.16632771492004395,,,0.09999998642037303,,,Success
TwoStage_RCS_DL_HKSJ,3_log_high_het,19,True,0.002331972122192383,,,1.178783397206175e-06,,,Success
TwoStage_RCS_Fixed,3_log_high_het,19,True,0.0013234615325927734,,,,,,Success
OneStage_RCS,3_log_high_het,19,True,0.22258257865905762,,,0.12024866377323537,,,Success
TwoStage_RCS_DL_HKSJ,3_log_high_het,20,True,0.002279520034790039,,,6.996341991845928e-07,,,Success
TwoStage_RCS_Fixed,3_log_high_het,20,True,0.0014765262603759766,,,,,,Success
OneStage_RCS,3_log_high_het,20,True,0.09392023086547852,,,0.08309116958525911,,,Success
TwoStage_RCS_DL_HKSJ,3_log_high_het,21,True,0.002107858657836914,,,1.0586825274903954e-06,,,Success
TwoStage_RCS_Fixed,3_log_high_het,21,True,0.0013759136199951172,,,,,,Success
OneStage_RCS,3_log_high_het,21,True,0.3363213539123535,,,0.11369383887916876,,,Success
TwoStage_RCS_DL_HKSJ,3_log_high_het,22,True,0.0025196075439453125,,,6.799583221581739e-07,,,Success
TwoStage_RCS_Fixed,3_log_high_het,22,True,0.0015358924865722656,,,,,,Success
OneStage_RCS,3_log_high_het,22,True,0.17247867584228516,,,0.08841629047402691,,,Success
TwoStage_RCS_DL_HKSJ,3_log_high_het,23,True,0.0021665096282958984,,,6.96879110414611e-07,,,Success
TwoStage_RCS_Fixed,3_log_high_het,23,True,0.0014445781707763672,,,,,,Success
OneStage_RCS,3_log_high_het,23,True,0.19241046905517578,,,0.09373607122972509,,,Success
TwoStage_RCS_DL_HKSJ,3_log_high_het,24,True,0.002149820327758789,,,1.855281828885942e-06,,,Success
TwoStage_RCS_Fixed,3_log_high_het,24,True,0.0011756420135498047,,,,,,Success
OneStage_RCS,3_log_high_het,24,True,0.19306612014770508,,,0.19465122811381305,,,Success
TwoStage_RCS_DL_HKSJ,3_log_high_het,25,True,0.0021245479583740234,,,7.391044543120432e-07,,,Success
TwoStage_RCS_Fixed,3_log_high_het,25,True,0.0014400482177734375,,,,,,Success
OneStage_RCS,3_log_high_het,25,True,0.3488771915435791,,,0.08493967052607129,,,Success
TwoStage_RCS_DL_HKSJ,3_log_high_het,26,True,0.002125263214111328,,,1.3468594025229565e-06,,,Success
TwoStage_RCS_Fixed,3_log_high_het,26,True,0.001371145248413086,,,,,,Success
OneStage_RCS,3_log_high_het,26,True,0.2685110569000244,,,0.154951391136505,,,Success
TwoStage_RCS_DL_HKSJ,3_log_high_het,27,True,0.002677440643310547,,,9.797130029207378e-07,,,Success
TwoStage_RCS_Fixed,3_log_high_het,27,True,0.0013518333435058594,,,,,,Success
OneStage_RCS,3_log_high_het,27,True,0.2727208137512207,,,0.10626732497905164,,,Success
TwoStage_RCS_DL_HKSJ,3_log_high_het,28,True,0.0025022029876708984,,,7.64065729131293e-07,,,Success
TwoStage_RCS_Fixed,3_log_high_het,28,True,0.0012519359588623047,,,,,,Success
OneStage_RCS,3_log_high_het,28,True,0.2527620792388916,,,0.08244440942573698,,,Success
TwoStage_RCS_DL_HKSJ,3_log_high_het,29,True,0.002428770065307617,,,4.1896704345098916e-07,,,Success
TwoStage_RCS_Fixed,3_log_high_het,29,True,0.0013842582702636719,,,,,,Success
OneStage_RCS,3_log_high_het,29,True,0.23323822021484375,,,0.051687532440915736,,,Success
TwoStage_RCS_DL_HKSJ,3_log_high_het,30,True,0.0024518966674804688,,,7.408431814034342e-07,,,Success
TwoStage_RCS_Fixed,3_log_high_het,30,True,0.0013401508331298828,,,,,,Success
OneStage_RCS,3_log_high_het,30,True,0.26418375968933105,,,0.07552542455016056,,,Success
TwoStage_RCS_DL_HKSJ,3_log_high_het,31,True,0.002425670623779297,,,8.164459715672165e-07,,,Success
TwoStage_RCS_Fixed,3_log_high_het,31,True,0.0016329288482666016,,,,,,Success
OneStage_RCS,3_log_high_het,31,True,0.22351551055908203,,,0.08132088425580043,,,Success
TwoStage_RCS_DL_HKSJ,3_log_high_het,32,True,0.002362966537475586,,,5.944676434063264e-07,,,Success
TwoStage_RCS_Fixed,3_log_high_het,32,True,0.00127410888671875,,,,,,Success
OneStage_RCS,3_log_high_het,32,True,0.10367918014526367,,,0.06877692031935576,,,Success
TwoStage_RCS_DL_HKSJ,3_log_high_het,33,True,0.002698659896850586,,,1.3868116232813343e-06,,,Success
TwoStage_RCS_Fixed,3_log_high_het,33,True,0.0013616085052490234,,,,,,Success
OneStage_RCS,3_log_high_het,33,True,0.2570061683654785,,,0.13136811154574102,,,Success
TwoStage_RCS_DL_HKSJ,3_log_high_het,34,True,0.0024132728576660156,,,5.50802417301283e-07,,,Success
TwoStage_RCS_Fixed,3_log_high_het,34,True,0.0013365745544433594,,,,,,Success
OneStage_RCS,3_log_high_het,34,True,0.13611459732055664,,,0.06957558629266357,,,Success
TwoStage_RCS_DL_HKSJ,3_log_high_het,35,True,0.002221822738647461,,,9.658660258284425e-07,,,Success
TwoStage_RCS_Fixed,3_log_high_het,35,True,0.0014448165893554688,,,,,,Success
OneStage_RCS,3_log_high_het,35,True,0.2720956802368164,,,0.09625472101488407,,,Success
TwoStage_RCS_DL_HKSJ,3_log_high_het,36,True,0.0023419857025146484,,,7.35979358830523e-07,,,Success
TwoStage_RCS_Fixed,3_log_high_het,36,True,0.001413583755493164,,,,,,Success
OneStage_RCS,3_log_high_het,36,True,0.26365017890930176,,,0.09888998783403423,,,Success
TwoStage_RCS_DL_HKSJ,3_log_high_het,37,True,0.0023491382598876953,,,3.492038627954567e-07,,,Success
TwoStage_RCS_Fixed,3_log_high_het,37,True,0.0013971328735351562,,,,,,Success
OneStage_RCS,3_log_high_het,37,True,0.17124199867248535,,,0.06623624380796568,,,Success
TwoStage_RCS_DL_HKSJ,3_log_high_het,38,True,0.0022618770599365234,,,7.254331724349441e-07,,,Success
TwoStage_RCS_Fixed,3_log_high_het,38,True,0.001439809799194336,,,,,,Success
OneStage_RCS,3_log_high_het,38,True,0.21627593040466309,,,0.09999999028065903,,,Success
TwoStage_RCS_DL_HKSJ,3_log_high_het,39,True,0.002222776412963867,,,1.2920347682913232e-06,,,Success
TwoStage_RCS_Fixed,3_log_high_het,39,True,0.0013480186462402344,,,,,,Success
OneStage_RCS,3_log_high_het,39,True,0.20548653602600098,,,0.15175830569712054,,,Success
TwoStage_RCS_DL_HKSJ,3_log_high_het,40,True,0.0023877620697021484,,,6.799802906966313e-07,,,Success
TwoStage_RCS_Fixed,3_log_high_het,40,True,0.0013616085052490234,,,,,,Success
OneStage_RCS,3_log_high_het,40,True,0.1296393871307373,,,0.06704780427958575,,,Success
TwoStage_RCS_DL_HKSJ,3_log_high_het,41,True,0.002143383026123047,,,1.3823369811563609e-06,,,Success
TwoStage_RCS_Fixed,3_log_high_het,41,True,0.0013566017150878906,,,,,,Success
OneStage_RCS,3_log_high_het,41,True,0.19623708724975586,,,0.16682620772398898,,,Success
TwoStage_RCS_DL_HKSJ,3_log_high_het,42,True,0.002245664596557617,,,1.2321414294111948e-06,,,Success
TwoStage_RCS_Fixed,3_log_high_het,42,True,0.0014495849609375,,,,,,Success
OneStage_RCS,3_log_high_het,42,True,0.15327978134155273,,,0.13679006421978246,,,Success
TwoStage_RCS_DL_HKSJ,3_log_high_het,43,True,0.002260923385620117,,,1.0711913074597146e-06,,,Success
TwoStage_RCS_Fixed,3_log_high_het,43,True,0.0014088153839111328,,,,,,Success
OneStage_RCS,3_log_high_het,43,True,0.30421876907348633,,,0.10027596029471841,,,Success
TwoStage_RCS_DL_HKSJ,3_log_high_het,44,True,0.0023691654205322266,,,5.209165814814589e-07,,,Success
TwoStage_RCS_Fixed,3_log_high_het,44,True,0.0014421939849853516,,,,,,Success
OneStage_RCS,3_log_high_het,44,True,0.15682649612426758,,,0.07502935769219357,,,Success
TwoStage_RCS_DL_HKSJ,3_log_high_het,45,True,0.004067182540893555,,,7.048034459891172e-07,,,Success
TwoStage_RCS_Fixed,3_log_high_het,45,True,0.002203226089477539,,,,,,Success
OneStage_RCS,3_log_high_het,45,True,0.2439255714416504,,,0.1000000000000006,,,Success
TwoStage_RCS_DL_HKSJ,3_log_high_het,46,True,0.0034303665161132812,,,3.5760199949808827e-07,,,Success
TwoStage_RCS_Fixed,3_log_high_het,46,True,0.0016548633575439453,,,,,,Success
OneStage_RCS,3_log_high_het,46,True,0.16603708267211914,,,0.09999989983202849,,,Success
TwoStage_RCS_DL_HKSJ,3_log_high_het,47,True,0.0021889209747314453,,,1.5391402770624832e-06,,,Success
TwoStage_RCS_Fixed,3_log_high_het,47,True,0.0015311241149902344,,,,,,Success
OneStage_RCS,3_log_high_het,47,True,0.24685239791870117,,,0.16302527761203006,,,Success
TwoStage_RCS_DL_HKSJ,3_log_high_het,48,True,0.0021331310272216797,,,1.5817908253194668e-06,,,Success
TwoStage_RCS_Fixed,3_log_high_het,48,True,0.0014219284057617188,,,,,,Success
OneStage_RCS,3_log_high_het,48,True,0.22403907775878906,,,0.18201656288147233,,,Success
TwoStage_RCS_DL_HKSJ,3_log_high_het,49,True,0.0023651123046875,,,1.163213947004518e-06,,,Success
TwoStage_RCS_Fixed,3_log_high_het,49,True,0.0013251304626464844,,,,,,Success
OneStage_RCS,3_log_high_het,49,True,0.2420179843902588,,,0.10105262772577268,,,Success
TwoStage_RCS_DL_HKSJ,4_threshold_mod_het,0,True,0.002351522445678711,,,1.4492693225184222e-07,,,Success
TwoStage_RCS_Fixed,4_threshold_mod_het,0,True,0.001600503921508789,,,,,,Success
OneStage_RCS,4_threshold_mod_het,0,True,0.1434788703918457,,,0.014727560635413275,,,Success
TwoStage_RCS_DL_HKSJ,4_threshold_mod_het,1,True,0.0031418800354003906,,,3.767332823989502e-07,,,Success
TwoStage_RCS_Fixed,4_threshold_mod_het,1,True,0.0018396377563476562,,,,,,Success
OneStage_RCS,4_threshold_mod_het,1,True,0.11806702613830566,,,0.04348724476395849,,,Success
TwoStage_RCS_DL_HKSJ,4_threshold_mod_het,2,True,0.0022330284118652344,,,3.7587613025136814e-07,,,Success
TwoStage_RCS_Fixed,4_threshold_mod_het,2,True,0.001384735107421875,,,,,,Success
OneStage_RCS,4_threshold_mod_het,2,True,0.22249150276184082,,,0.04793359159814003,,,Success
TwoStage_RCS_DL_HKSJ,4_threshold_mod_het,3,True,0.0021216869354248047,,,1.5688812323634087e-07,,,Success
TwoStage_RCS_Fixed,4_threshold_mod_het,3,True,0.0013904571533203125,,,,,,Success
OneStage_RCS,4_threshold_mod_het,3,True,0.26550745964050293,,,0.02053335949180646,,,Success
TwoStage_RCS_DL_HKSJ,4_threshold_mod_het,4,True,0.0024383068084716797,,,2.6812153237266283e-07,,,Success
TwoStage_RCS_Fixed,4_threshold_mod_het,4,True,0.001504659652709961,,,,,,Success
OneStage_RCS,4_threshold_mod_het,4,True,0.19394588470458984,,,0.03135406184648155,,,Success
TwoStage_RCS_DL_HKSJ,4_threshold_mod_het,5,True,0.0025017261505126953,,,4.0195225177769984e-07,,,Success
TwoStage_RCS_Fixed,4_threshold_mod_het,5,True,0.00130462646484375,,,,,,Success
OneStage_RCS,4_threshold_mod_het,5,True,0.1690220832824707,,,0.03715471417795927,,,Success
TwoStage_RCS_DL_HKSJ,4_threshold_mod_het,6,True,0.0022237300872802734,,,3.594711646684568e-07,,,Success
TwoStage_RCS_Fixed,4_threshold_mod_het,6,True,0.0015406608581542969,,,,,,Success
OneStage_RCS,4_threshold_mod_het,6,True,0.22062468528747559,,,0.046618164855445,,,Success
TwoStage_RCS_DL_HKSJ,4_threshold_mod_het,7,True,0.002224445343017578,,,4.4059500756022686e-07,,,Success
TwoStage_RCS_Fixed,4_threshold_mod_het,7,True,0.0013284683227539062,,,,,,Success
OneStage_RCS,4_threshold_mod_het,7,True,0.24560976028442383,,,0.056720085305938445,,,Success
TwoStage_RCS_DL_HKSJ,4_threshold_mod_het,8,True,0.002455472946166992,,,5.810545550062202e-07,,,Success
TwoStage_RCS_Fixed,4_threshold_mod_het,8,True,0.0013074874877929688,,,,,,Success
OneStage_RCS,4_threshold_mod_het,8,True,0.2562437057495117,,,0.05907408466173334,,,Success
TwoStage_RCS_DL_HKSJ,4_threshold_mod_het,9,True,0.0024590492248535156,,,4.528210179195817e-07,,,Success
TwoStage_RCS_Fixed,4_threshold_mod_het,9,True,0.0014493465423583984,,,,,,Success
OneStage_RCS,4_threshold_mod_het,9,True,0.27813124656677246,,,0.05768671998200263,,,Success
TwoStage_RCS_DL_HKSJ,4_threshold_mod_het,10,True,0.0021207332611083984,,,5.05647746815337e-07,,,Success
TwoStage_RCS_Fixed,4_threshold_mod_het,10,True,0.0013828277587890625,,,,,,Success
OneStage_RCS,4_threshold_mod_het,10,True,0.1576094627380371,,,0.053006690115265376,,,Success
TwoStage_RCS_DL_HKSJ,4_threshold_mod_het,11,True,0.0024344921112060547,,,8.664176727941296e-07,,,Success
TwoStage_RCS_Fixed,4_threshold_mod_het,11,True,0.0015025138854980469,,,,,,Success
OneStage_RCS,4_threshold_mod_het,11,True,0.21078991889953613,,,0.11348549379321282,,,Success
TwoStage_RCS_DL_HKSJ,4_threshold_mod_het,12,True,0.0021224021911621094,,,2.453915097015925e-07,,,Success
TwoStage_RCS_Fixed,4_threshold_mod_het,12,True,0.001407623291015625,,,,,,Success
OneStage_RCS,4_threshold_mod_het,12,True,0.2275221347808838,,,0.02480028511289616,,,Success
TwoStage_RCS_DL_HKSJ,4_threshold_mod_het,13,True,0.00220489501953125,,,3.432417264831002e-07,,,Success
TwoStage_RCS_Fixed,4_threshold_mod_het,13,True,0.001520395278930664,,,,,,Success
OneStage_RCS,4_threshold_mod_het,13,True,0.2469310760498047,,,0.03439412014409895,,,Success
TwoStage_RCS_DL_HKSJ,4_threshold_mod_het,14,True,0.002259969711303711,,,4.1541535742160376e-07,,,Success
TwoStage_RCS_Fixed,4_threshold_mod_het,14,True,0.0015091896057128906,,,,,,Success
OneStage_RCS,4_threshold_mod_het,14,True,0.22191572189331055,,,0.04290938540937918,,,Success
TwoStage_RCS_DL_HKSJ,4_threshold_mod_het,15,True,0.002324342727661133,,,3.5155779169347486e-07,,,Success
TwoStage_RCS_Fixed,4_threshold_mod_het,15,True,0.0014219284057617188,,,,,,Success
OneStage_RCS,4_threshold_mod_het,15,True,0.23537850379943848,,,0.05048111213476756,,,Success
TwoStage_RCS_DL_HKSJ,4_threshold_mod_het,16,True,0.0021240711212158203,,,4.295468125931849e-07,,,Success
TwoStage_RCS_Fixed,4_threshold_mod_het,16,True,0.0011489391326904297,,,,,,Success
OneStage_RCS,4_threshold_mod_het,16,True,0.12211132049560547,,,0.05517037395834605,,,Success
TwoStage_RCS_DL_HKSJ,4_threshold_mod_het,17,True,0.0023326873779296875,,,2.798037150859697e-07,,,Success
TwoStage_RCS_Fixed,4_threshold_mod_het,17,True,0.0016179084777832031,,,,,,Success
OneStage_RCS,4_threshold_mod_het,17,True,0.24390316009521484,,,0.030315758970814732,,,Success
TwoStage_RCS_DL_HKSJ,4_threshold_mod_het,18,True,0.002221822738647461,,,3.0142662570328643e-07,,,Success
TwoStage_RCS_Fixed,4_threshold_mod_het,18,True,0.0018610954284667969,,,,,,Success
OneStage_RCS,4_threshold_mod_het,18,True,0.16046714782714844,,,0.04126502608582449,,,Success
TwoStage_RCS_DL_HKSJ,4_threshold_mod_het,19,True,0.002580404281616211,,,4.780358228329956e-07,,,Success
TwoStage_RCS_Fixed,4_threshold_mod_het,19,True,0.0017008781433105469,,,,,,Success
OneStage_RCS,4_threshold_mod_het,19,True,0.27985191345214844,,,0.05192671823309986,,,Success
TwoStage_RCS_DL_HKSJ,4_threshold_mod_het,20,True,0.0021338462829589844,,,3.5065293997661014e-07,,,Success
TwoStage_RCS_Fixed,4_threshold_mod_het,20,True,0.001355886459350586,,,,,,Success
OneStage_RCS,4_threshold_mod_het,20,True,0.08849048614501953,,,0.036190695255886904,,,Success
TwoStage_RCS_DL_HKSJ,4_threshold_mod_het,21,True,0.0022916793823242188,,,3.8863223154620194e-07,,,Success
TwoStage_RCS_Fixed,4_threshold_mod_het,21,True,0.001316070556640625,,,,,,Success
OneStage_RCS,4_threshold_mod_het,21,True,0.19160199165344238,,,0.04382191074327431,,,Success
TwoStage_RCS_DL_HKSJ,4_threshold_mod_het,22,True,0.0021965503692626953,,,3.364200592363108e-07,,,Success
TwoStage_RCS_Fixed,4_threshold_mod_het,22,True,0.0013730525970458984,,,,,,Success
OneStage_RCS,4_threshold_mod_het,22,True,0.2174358367919922,,,0.038616124651719125,,,Success
TwoStage_RCS_DL_HKSJ,4_threshold_mod_het,23,True,0.0022284984588623047,,,2.8524830618849584e-07,,,Success
TwoStage_RCS_Fixed,4_threshold_mod_het,23,True,0.0014705657958984375,,,,,,Success
OneStage_RCS,4_threshold_mod_het,23,True,0.26456665992736816,,,0.03209218938897124,,,Success
TwoStage_RCS_DL_HKSJ,4_threshold_mod_het,24,True,0.0024390220642089844,,,8.153189954287168e-07,,,Success
TwoStage_RCS_Fixed,4_threshold_mod_het,24,True,0.0019199848175048828,,,,,,Success
OneStage_RCS,4_threshold_mod_het,24,True,0.27105283737182617,,,0.09999999026110494,,,Success
TwoStage_RCS_DL_HKSJ,4_threshold_mod_het,25,True,0.002143383026123047,,,2.108678010894756e-07,,,Success
TwoStage_RCS_Fixed,4_threshold_mod_het,25,True,0.001294851303100586,,,,,,Success
OneStage_RCS,4_threshold_mod_het,25,True,0.13213586807250977,,,0.026879147859186856,,,Success
TwoStage_RCS_DL_HKSJ,4_threshold_mod_het,26,True,0.003608226776123047,,,6.506035361025075e-07,,,Success
TwoStage_RCS_Fixed,4_threshold_mod_het,26,True,0.0016181468963623047,,,,,,Success
OneStage_RCS,4_threshold_mod_het,26,True,0.31447768211364746,,,0.07101777049854659,,,Success
TwoStage_RCS_DL_HKSJ,4_threshold_mod_het,27,True,0.0021190643310546875,,,4.177754213983609e-07,,,Success
TwoStage_RCS_Fixed,4_threshold_mod_het,27,True,0.0013244152069091797,,,,,,Success
OneStage_RCS,4_threshold_mod_het,27,True,0.25151729583740234,,,0.047940796665279485,,,Success
TwoStage_RCS_DL_HKSJ,4_threshold_mod_het,28,True,0.0021581649780273438,,,3.156338137281965e-07,,,Success
TwoStage_RCS_Fixed,4_threshold_mod_het,28,True,0.0013897418975830078,,,,,,Success
OneStage_RCS,4_threshold_mod_het,28,True,0.22659993171691895,,,0.03550814297143297,,,Success
TwoStage_RCS_DL_HKSJ,4_threshold_mod_het,29,True,0.0023169517517089844,,,1.7892604398906692e-07,,,Success
TwoStage_RCS_Fixed,4_threshold_mod_het,29,True,0.0013763904571533203,,,,,,Success
OneStage_RCS,4_threshold_mod_het,29,True,0.24105119705200195,,,0.026701876944797327,,,Success
TwoStage_RCS_DL_HKSJ,4_threshold_mod_het,30,True,0.002191781997680664,,,3.0464395802773204e-07,,,Success
TwoStage_RCS_Fixed,4_threshold_mod_het,30,True,0.0014111995697021484,,,,,,Success
OneStage_RCS,4_threshold_mod_het,30,True,0.25725340843200684,,,0.033231419625794865,,,Success
TwoStage_RCS_DL_HKSJ,4_threshold_mod_het,31,True,0.0021200180053710938,,,1.966033527430312e-07,,,Success
TwoStage_RCS_Fixed,4_threshold_mod_het,31,True,0.0012640953063964844,,,,,,Success
OneStage_RCS,4_threshold_mod_het,31,True,0.17423439025878906,,,0.022857890893384112,,,Success
TwoStage_RCS_DL_HKSJ,4_threshold_mod_het,32,True,0.002202749252319336,,,2.1519940172613418e-07,,,Success
TwoStage_RCS_Fixed,4_threshold_mod_het,32,True,0.0014309883117675781,,,,,,Success
OneStage_RCS,4_threshold_mod_het,32,True,0.1903986930847168,,,0.02396848150921326,,,Success
TwoStage_RCS_DL_HKSJ,4_threshold_mod_het,33,True,0.0022439956665039062,,,6.340457510083446e-07,,,Success
TwoStage_RCS_Fixed,4_threshold_mod_het,33,True,0.0015323162078857422,,,,,,Success
OneStage_RCS,4_threshold_mod_het,33,True,0.20763111114501953,,,0.06982837795761816,,,Success
TwoStage_RCS_DL_HKSJ,4_threshold_mod_het,34,True,0.0021467208862304688,,,1.8030159687898045e-07,,,Success
TwoStage_RCS_Fixed,4_threshold_mod_het,34,True,0.0015206336975097656,,,,,,Success
OneStage_RCS,4_threshold_mod_het,34,True,0.12448549270629883,,,0.02081397495915844,,,Success
TwoStage_RCS_DL_HKSJ,4_threshold_mod_het,35,True,0.002332925796508789,,,4.7610755519954187e-07,,,Success
TwoStage_RCS_Fixed,4_threshold_mod_het,35,True,0.0013210773468017578,,,,,,Success
OneStage_RCS,4_threshold_mod_het,35,True,0.24267077445983887,,,0.047066922780811336,,,Success
TwoStage_RCS_DL_HKSJ,4_threshold_mod_het,36,True,0.00225830078125,,,2.729176911718593e-07,,,Success
TwoStage_RCS_Fixed,4_threshold_mod_het,36,True,0.0016064643859863281,,,,,,Success
OneStage_RCS,4_threshold_mod_het,36,True,0.1899123191833496,,,0.036779438584345174,,,Success
TwoStage_RCS_DL_HKSJ,4_threshold_mod_het,37,True,0.0022296905517578125,,,1.7324440567977885e-07,,,Success
TwoStage_RCS_Fixed,4_threshold_mod_het,37,True,0.0014789104461669922,,,,,,Success
OneStage_RCS,4_threshold_mod_het,37,True,0.08948111534118652,,,0.02324477593656409,,,Success
TwoStage_RCS_DL_HKSJ,4_threshold_mod_het,38,True,0.0022575855255126953,,,2.9163734729101415e-07,,,Success
TwoStage_RCS_Fixed,4_threshold_mod_het,38,True,0.0015685558319091797,,,,,,Success
OneStage_RCS,4_threshold_mod_het,38,True,0.29718899726867676,,,0.03977126441176726,,,Success
TwoStage_RCS_DL_HKSJ,4_threshold_mod_het,39,True,0.0026578903198242188,,,5.704165960837178e-07,,,Success
TwoStage_RCS_Fixed,4_threshold_mod_het,39,True,0.001302480697631836,,,,,,Success
OneStage_RCS,4_threshold_mod_het,39,True,0.28065061569213867,,,0.06641617949316388,,,Success
TwoStage_RCS_DL_HKSJ,4_threshold_mod_het,40,True,0.002451658248901367,,,2.1081726978926284e-07,,,Success
TwoStage_RCS_Fixed,4_threshold_mod_het,40,True,0.001338958740234375,,,,,,Success
OneStage_RCS,4_threshold_mod_het,40,True,0.20218300819396973,,,0.02394897688144222,,,Success
TwoStage_RCS_DL_HKSJ,4_threshold_mod_het,41,True,0.002176046371459961,,,6.917508173803675e-07,,,Success
TwoStage_RCS_Fixed,4_threshold_mod_het,41,True,0.00135040283203125,,,,,,Success
OneStage_RCS,4_threshold_mod_het,41,True,0.24796056747436523,,,0.07183765041863813,,,Success
TwoStage_RCS_DL_HKSJ,4_threshold_mod_het,42,True,0.002450704574584961,,,4.998588660115352e-07,,,Success
TwoStage_RCS_Fixed,4_threshold_mod_het,42,True,0.0014221668243408203,,,,,,Success
OneStage_RCS,4_threshold_mod_het,42,True,0.21128416061401367,,,0.05759540912485533,,,Success
TwoStage_RCS_DL_HKSJ,4_threshold_mod_het,43,True,0.0026144981384277344,,,4.11789542792286e-07,,,Success
TwoStage_RCS_Fixed,4_threshold_mod_het,43,True,0.001516580581665039,,,,,,Success
OneStage_RCS,4_threshold_mod_het,43,True,0.14281249046325684,,,0.04589619532121642,,,Success
TwoStage_RCS_DL_HKSJ,4_threshold_mod_het,44,True,0.002240419387817383,,,2.5955585050140884e-07,,,Success
TwoStage_RCS_Fixed,4_threshold_mod_het,44,True,0.0015344619750976562,,,,,,Success
OneStage_RCS,4_threshold_mod_het,44,True,0.11420106887817383,,,0.031841194669432804,,,Success
TwoStage_RCS_DL_HKSJ,4_threshold_mod_het,45,True,0.002302885055541992,,,2.8111185980531607e-07,,,Success
TwoStage_RCS_Fixed,4_threshold_mod_het,45,True,0.0018150806427001953,,,,,,Success
OneStage_RCS,4_threshold_mod_het,45,True,0.22466564178466797,,,0.03682667450881126,,,Success
TwoStage_RCS_DL_HKSJ,4_threshold_mod_het,46,True,0.002155780792236328,,,2.1543243842017135e-07,,,Success
TwoStage_RCS_Fixed,4_threshold_mod_het,46,True,0.0015752315521240234,,,,,,Success
OneStage_RCS,4_threshold_mod_het,46,True,0.12491345405578613,,,0.02201086165247307,,,Success
TwoStage_RCS_DL_HKSJ,4_threshold_mod_het,47,True,0.002145051956176758,,,6.780689700205425e-07,,,Success
TwoStage_RCS_Fixed,4_threshold_mod_het,47,True,0.0014102458953857422,,,,,,Success
OneStage_RCS,4_threshold_mod_het,47,True,0.25124096870422363,,,0.0730827313901092,,,Success
TwoStage_RCS_DL_HKSJ,4_threshold_mod_het,48,True,0.0022399425506591797,,,7.138141176977615e-07,,,Success
TwoStage_RCS_Fixed,4_threshold_mod_het,48,True,0.0013730525970458984,,,,,,Success
OneStage_RCS,4_threshold_mod_het,48,True,0.24577665328979492,,,0.08113581936859131,,,Success
TwoStage_RCS_DL_HKSJ,4_threshold_mod_het,49,True,0.0024080276489257812,,,4.462210109611913e-07,,,Success
TwoStage_RCS_Fixed,4_threshold_mod_het,49,True,0.0014042854309082031,,,,,,Success
OneStage_RCS,4_threshold_mod_het,49,True,0.14276766777038574,,,0.043199122848233115,,,Success
TwoStage_RCS_DL_HKSJ,5_u_shaped,0,True,0.003171682357788086,,,1.555127407935128e-07,,,Success
TwoStage_RCS_Fixed,5_u_shaped,0,True,0.0018525123596191406,,,,,,Success
OneStage_RCS,5_u_shaped,0,True,0.23460078239440918,,,0.016750144722582568,,,Success
TwoStage_RCS_DL_HKSJ,5_u_shaped,1,True,0.0031342506408691406,,,3.981027952776288e-07,,,Success
TwoStage_RCS_Fixed,5_u_shaped,1,True,0.0017857551574707031,,,,,,Success
OneStage_RCS,5_u_shaped,1,True,0.18220949172973633,,,0.04341728313896854,,,Success
TwoStage_RCS_DL_HKSJ,5_u_shaped,2,True,0.0021467208862304688,,,3.4923872670577046e-07,,,Success
TwoStage_RCS_Fixed,5_u_shaped,2,True,0.001348733901977539,,,,,,Success
OneStage_RCS,5_u_shaped,2,True,0.3422524929046631,,,0.046959644241443915,,,Success
TwoStage_RCS_DL_HKSJ,5_u_shaped,3,True,0.0025103092193603516,,,1.6651283395819854e-07,,,Success
TwoStage_RCS_Fixed,5_u_shaped,3,True,0.0014998912811279297,,,,,,Success
OneStage_RCS,5_u_shaped,3,True,0.254086971282959,,,0.01983029631808477,,,Success
TwoStage_RCS_DL_HKSJ,5_u_shaped,4,True,0.0025064945220947266,,,2.8173959363961304e-07,,,Success
TwoStage_RCS_Fixed,5_u_shaped,4,True,0.0013873577117919922,,,,,,Success
OneStage_RCS,5_u_shaped,4,True,0.3000211715698242,,,0.031920519947878145,,,Success
TwoStage_RCS_DL_HKSJ,5_u_shaped,5,True,0.0027451515197753906,,,4.1004935428171176e-07,,,Success
TwoStage_RCS_Fixed,5_u_shaped,5,True,0.0013988018035888672,,,,,,Success
OneStage_RCS,5_u_shaped,5,True,0.14769792556762695,,,0.0382294045916839,,,Success
TwoStage_RCS_DL_HKSJ,5_u_shaped,6,True,0.002450227737426758,,,3.442328002084214e-07,,,Success
TwoStage_RCS_Fixed,5_u_shaped,6,True,0.0014262199401855469,,,,,,Success
OneStage_RCS,5_u_shaped,6,True,0.20963191986083984,,,0.044947502393399064,,,Success
TwoStage_RCS_DL_HKSJ,5_u_shaped,7,True,0.002191781997680664,,,4.215274151787615e-07,,,Success
TwoStage_RCS_Fixed,5_u_shaped,7,True,0.001298666000366211,,,,,,Success
OneStage_RCS,5_u_shaped,7,True,0.19344544410705566,,,0.054946688545915424,,,Success
TwoStage_RCS_DL_HKSJ,5_u_shaped,8,True,0.0021758079528808594,,,6.005006252846075e-07,,,Success
TwoStage_RCS_Fixed,5_u_shaped,8,True,0.0015323162078857422,,,,,,Success
OneStage_RCS,5_u_shaped,8,True,0.2877330780029297,,,0.062112989049487595,,,Success
TwoStage_RCS_DL_HKSJ,5_u_shaped,9,True,0.002174854278564453,,,4.756071773676931e-07,,,Success
TwoStage_RCS_Fixed,5_u_shaped,9,True,0.0013535022735595703,,,,,,Success
OneStage_RCS,5_u_shaped,9,True,0.3033256530761719,,,0.06076039438911566,,,Success
TwoStage_RCS_DL_HKSJ,5_u_shaped,10,True,0.002282381057739258,,,5.129860968717222e-07,,,Success
TwoStage_RCS_Fixed,5_u_shaped,10,True,0.0014634132385253906,,,,,,Success
OneStage_RCS,5_u_shaped,10,True,0.1862931251525879,,,0.05371804730531535,,,Success
TwoStage_RCS_DL_HKSJ,5_u_shaped,11,True,0.002593994140625,,,8.847470690903119e-07,,,Success
TwoStage_RCS_Fixed,5_u_shaped,11,True,0.0015654563903808594,,,,,,Success
OneStage_RCS,5_u_shaped,11,True,0.15148377418518066,,,0.11645328914399661,,,Success
TwoStage_RCS_DL_HKSJ,5_u_shaped,12,True,0.0023598670959472656,,,2.3336218025867983e-07,,,Success
TwoStage_RCS_Fixed,5_u_shaped,12,True,0.0014574527740478516,,,,,,Success
OneStage_RCS,5_u_shaped,12,True,0.23480510711669922,,,0.02439326440014267,,,Success
TwoStage_RCS_DL_HKSJ,5_u_shaped,13,True,0.0024437904357910156,,,3.2346581436394214e-07,,,Success
TwoStage_RCS_Fixed,5_u_shaped,13,True,0.0014200210571289062,,,,,,Success
OneStage_RCS,5_u_shaped,13,True,0.2514312267303467,,,0.03430784259327914,,,Success
TwoStage_RCS_DL_HKSJ,5_u_shaped,14,True,0.0022971630096435547,,,4.3703499404193295e-07,,,Success
TwoStage_RCS_Fixed,5_u_shaped,14,True,0.00138092041015625,,,,,,Success
OneStage_RCS,5_u_shaped,14,True,0.2111656665802002,,,0.04340596522106209,,,Success
TwoStage_RCS_DL_HKSJ,5_u_shaped,15,True,0.0021364688873291016,,,3.370080184874165e-07,,,Success
TwoStage_RCS_Fixed,5_u_shaped,15,True,0.0013382434844970703,,,,,,Success
OneStage_RCS,5_u_shaped,15,True,0.23857545852661133,,,0.04875685067626867,,,Success
TwoStage_RCS_DL_HKSJ,5_u_shaped,16,True,0.002415895462036133,,,4.2314119642369113e-07,,,Success
TwoStage_RCS_Fixed,5_u_shaped,16,True,0.0014085769653320312,,,,,,Success
OneStage_RCS,5_u_shaped,16,True,0.11704325675964355,,,0.05441054176511352,,,Success
TwoStage_RCS_DL_HKSJ,5_u_shaped,17,True,0.0021584033966064453,,,2.721674277517196e-07,,,Success
TwoStage_RCS_Fixed,5_u_shaped,17,True,0.0013773441314697266,,,,,,Success
OneStage_RCS,5_u_shaped,17,True,0.26042819023132324,,,0.03202485881925619,,,Success
TwoStage_RCS_DL_HKSJ,5_u_shaped,18,True,0.002168416976928711,,,3.078013623269144e-07,,,Success
TwoStage_RCS_Fixed,5_u_shaped,18,True,0.0013279914855957031,,,,,,Success
OneStage_RCS,5_u_shaped,18,True,0.1673436164855957,,,0.042129407278906766,,,Success
TwoStage_RCS_DL_HKSJ,5_u_shaped,19,True,0.0031943321228027344,,,4.7333409142484116e-07,,,Success
TwoStage_RCS_Fixed,5_u_shaped,19,True,0.0018885135650634766,,,,,,Success
OneStage_RCS,5_u_shaped,19,True,0.34310030937194824,,,0.051634916413751036,,,Success
TwoStage_RCS_DL_HKSJ,5_u_shaped,20,True,0.0022416114807128906,,,3.8154101888633893e-07,,,Success
TwoStage_RCS_Fixed,5_u_shaped,20,True,0.001337289810180664,,,,,,Success
OneStage_RCS,5_u_shaped,20,True,0.13976836204528809,,,0.038582241280555735,,,Success
TwoStage_RCS_DL_HKSJ,5_u_shaped,21,True,0.0021245479583740234,,,3.845772810048627e-07,,,Success
TwoStage_RCS_Fixed,5_u_shaped,21,True,0.0013628005981445312,,,,,,Success
OneStage_RCS,5_u_shaped,21,True,0.29102659225463867,,,0.0432624175451225,,,Success
TwoStage_RCS_DL_HKSJ,5_u_shaped,22,True,0.002183198928833008,,,3.33288832519621e-07,,,Success
TwoStage_RCS_Fixed,5_u_shaped,22,True,0.001434326171875,,,,,,Success
OneStage_RCS,5_u_shaped,22,True,0.24391794204711914,,,0.03773802866911385,,,Success
TwoStage_RCS_DL_HKSJ,5_u_shaped,23,True,0.002151012420654297,,,2.8511069582398504e-07,,,Success
TwoStage_RCS_Fixed,5_u_shaped,23,True,0.0012807846069335938,,,,,,Success
OneStage_RCS,5_u_shaped,23,True,0.20012497901916504,,,0.030685734655831413,,,Success
TwoStage_RCS_DL_HKSJ,5_u_shaped,24,True,0.0029578208923339844,,,8.140823173116366e-07,,,Success
TwoStage_RCS_Fixed,5_u_shaped,24,True,0.0014345645904541016,,,,,,Success
OneStage_RCS,5_u_shaped,24,True,0.28108692169189453,,,0.09999999032217625,,,Success
TwoStage_RCS_DL_HKSJ,5_u_shaped,25,True,0.002363920211791992,,,2.0321353023178328e-07,,,Success
TwoStage_RCS_Fixed,5_u_shaped,25,True,0.0013439655303955078,,,,,,Success
OneStage_RCS,5_u_shaped,25,True,0.08676433563232422,,,0.02592987968923732,,,Success
TwoStage_RCS_DL_HKSJ,5_u_shaped,26,True,0.002151012420654297,,,6.549498111680071e-07,,,Success
TwoStage_RCS_Fixed,5_u_shaped,26,True,0.0013699531555175781,,,,,,Success
OneStage_RCS,5_u_shaped,26,True,0.23132586479187012,,,0.07426155537217877,,,Success
TwoStage_RCS_DL_HKSJ,5_u_shaped,27,True,0.0021533966064453125,,,4.1195452477811954e-07,,,Success
TwoStage_RCS_Fixed,5_u_shaped,27,True,0.001313924789428711,,,,,,Success
OneStage_RCS,5_u_shaped,27,True,0.24603772163391113,,,0.04825319267757151,,,Success
TwoStage_RCS_DL_HKSJ,5_u_shaped,28,True,0.0021924972534179688,,,3.3218621820055173e-07,,,Success
TwoStage_RCS_Fixed,5_u_shaped,28,True,0.0013060569763183594,,,,,,Success
OneStage_RCS,5_u_shaped,28,True,0.19530940055847168,,,0.03748535032578227,,,Success
TwoStage_RCS_DL_HKSJ,5_u_shaped,29,True,0.003131389617919922,,,2.0628304277659556e-07,,,Success
TwoStage_RCS_Fixed,5_u_shaped,29,True,0.0016620159149169922,,,,,,Success
OneStage_RCS,5_u_shaped,29,True,0.1799006462097168,,,0.028737971885772966,,,Success
TwoStage_RCS_DL_HKSJ,5_u_shaped,30,True,0.002210378646850586,,,2.9046848411616706e-07,,,Success
TwoStage_RCS_Fixed,5_u_shaped,30,True,0.001474618911743164,,,,,,Success
OneStage_RCS,5_u_shaped,30,True,0.20476508140563965,,,0.034079543618323195,,,Success
TwoStage_RCS_DL_HKSJ,5_u_shaped,31,True,0.0022165775299072266,,,1.8150735433384716e-07,,,Success
TwoStage_RCS_Fixed,5_u_shaped,31,True,0.0012929439544677734,,,,,,Success
OneStage_RCS,5_u_shaped,31,True,0.09546756744384766,,,0.021699258522634143,,,Success
TwoStage_RCS_DL_HKSJ,5_u_shaped,32,True,0.0023407936096191406,,,2.239523636224726e-07,,,Success
TwoStage_RCS_Fixed,5_u_shaped,32,True,0.0018167495727539062,,,,,,Success
OneStage_RCS,5_u_shaped,32,True,0.27132606506347656,,,0.024639982127639813,,,Success
TwoStage_RCS_DL_HKSJ,5_u_shaped,33,True,0.0021576881408691406,,,6.723238380761411e-07,,,Success
TwoStage_RCS_Fixed,5_u_shaped,33,True,0.0018591880798339844,,,,,,Success
OneStage_RCS,5_u_shaped,33,True,0.24399399757385254,,,0.07359357976308373,,,Success
TwoStage_RCS_DL_HKSJ,5_u_shaped,34,True,0.002466917037963867,,,1.8603816542812484e-07,,,Success
TwoStage_RCS_Fixed,5_u_shaped,34,True,0.001516103744506836,,,,,,Success
OneStage_RCS,5_u_shaped,34,True,0.17869329452514648,,,0.021087452390130608,,,Success
TwoStage_RCS_DL_HKSJ,5_u_shaped,35,True,0.002265453338623047,,,4.985128661629008e-07,,,Success
TwoStage_RCS_Fixed,5_u_shaped,35,True,0.0016155242919921875,,,,,,Success
OneStage_RCS,5_u_shaped,35,True,0.19992423057556152,,,0.047716591906506275,,,Success
TwoStage_RCS_DL_HKSJ,5_u_shaped,36,True,0.002164125442504883,,,2.681145738483593e-07,,,Success
TwoStage_RCS_Fixed,5_u_shaped,36,True,0.001583099365234375,,,,,,Success
OneStage_RCS,5_u_shaped,36,True,0.15703535079956055,,,0.03642475469894983,,,Success
TwoStage_RCS_DL_HKSJ,5_u_shaped,37,True,0.003085613250732422,,,1.8889204610361273e-07,,,Success
TwoStage_RCS_Fixed,5_u_shaped,37,True,0.0014181137084960938,,,,,,Success
OneStage_RCS,5_u_shaped,37,True,0.1652679443359375,,,0.024014184865960606,,,Success
TwoStage_RCS_DL_HKSJ,5_u_shaped,38,True,0.002286672592163086,,,3.0379049991018027e-07,,,Success
TwoStage_RCS_Fixed,5_u_shaped,38,True,0.0015299320220947266,,,,,,Success
OneStage_RCS,5_u_shaped,38,True,0.26088547706604004,,,0.04039533552733419,,,Success
TwoStage_RCS_DL_HKSJ,5_u_shaped,39,True,0.002422332763671875,,,5.56652521504995e-07,,,Success
TwoStage_RCS_Fixed,5_u_shaped,39,True,0.0015616416931152344,,,,,,Success
OneStage_RCS,5_u_shaped,39,True,0.18279027938842773,,,0.0662081728494168,,,Success
TwoStage_RCS_DL_HKSJ,5_u_shaped,40,True,0.002471923828125,,,2.1188622200525095e-07,,,Success
TwoStage_RCS_Fixed,5_u_shaped,40,True,0.001455545425415039,,,,,,Success
OneStage_RCS,5_u_shaped,40,True,0.25545811653137207,,,0.024901277531269122,,,Success
TwoStage_RCS_DL_HKSJ,5_u_shaped,41,True,0.0021643638610839844,,,6.926800874473333e-07,,,Success
TwoStage_RCS_Fixed,5_u_shaped,41,True,0.0012960433959960938,,,,,,Success
OneStage_RCS,5_u_shaped,41,True,0.22792720794677734,,,0.07147886628302622,,,Success
TwoStage_RCS_DL_HKSJ,5_u_shaped,42,True,0.0024077892303466797,,,5.049630747869086e-07,,,Success
TwoStage_RCS_Fixed,5_u_shaped,42,True,0.0015902519226074219,,,,,,Success
OneStage_RCS,5_u_shaped,42,True,0.28724217414855957,,,0.05859753356471274,,,Success
TwoStage_RCS_DL_HKSJ,5_u_shaped,43,True,0.0022771358489990234,,,3.9938545750308226e-07,,,Success
TwoStage_RCS_Fixed,5_u_shaped,43,True,0.0013911724090576172,,,,,,Success
OneStage_RCS,5_u_shaped,43,True,0.18204164505004883,,,0.04676269635584491,,,Success
TwoStage_RCS_DL_HKSJ,5_u_shaped,44,True,0.0022614002227783203,,,2.787772229003129e-07,,,Success
TwoStage_RCS_Fixed,5_u_shaped,44,True,0.001424551010131836,,,,,,Success
OneStage_RCS,5_u_shaped,44,True,0.1310744285583496,,,0.03184914365314043,,,Success
TwoStage_RCS_DL_HKSJ,5_u_shaped,45,True,0.0021467208862304688,,,2.925289117377874e-07,,,Success
TwoStage_RCS_Fixed,5_u_shaped,45,True,0.0013613700866699219,,,,,,Success
OneStage_RCS,5_u_shaped,45,True,0.18024611473083496,,,0.03612009907113545,,,Success
TwoStage_RCS_DL_HKSJ,5_u_shaped,46,True,0.0021927356719970703,,,2.5374989002960537e-07,,,Success
TwoStage_RCS_Fixed,5_u_shaped,46,True,0.0013408660888671875,,,,,,Success
OneStage_RCS,5_u_shaped,46,True,0.13889408111572266,,,0.024396024191580323,,,Success
TwoStage_RCS_DL_HKSJ,5_u_shaped,47,True,0.0021953582763671875,,,6.82732711732333e-07,,,Success
TwoStage_RCS_Fixed,5_u_shaped,47,True,0.0013778209686279297,,,,,,Success
OneStage_RCS,5_u_shaped,47,True,0.23780441284179688,,,0.07267155759413077,,,Success
TwoStage_RCS_DL_HKSJ,5_u_shaped,48,True,0.0022652149200439453,,,7.21500361444559e-07,,,Success
TwoStage_RCS_Fixed,5_u_shaped,48,True,0.0013747215270996094,,,,,,Success
OneStage_RCS,5_u_shaped,48,True,0.2673075199127197,,,0.08163600720617768,,,Success
TwoStage_RCS_DL_HKSJ,5_u_shaped,49,True,0.002205371856689453,,,4.1951335642564674e-07,,,Success
TwoStage_RCS_Fixed,5_u_shaped,49,True,0.0015957355499267578,,,,,,Success
OneStage_RCS,5_u_shaped,49,True,0.16892552375793457,,,0.04179089004668632,,,Success
TwoStage_RCS_DL_HKSJ,6_j_shaped,0,True,0.00261688232421875,,,1.391768141969682e-07,,,Success
TwoStage_RCS_Fixed,6_j_shaped,0,True,0.0014271736145019531,,,,,,Success
OneStage_RCS,6_j_shaped,0,True,0.15656447410583496,,,0.014681570248326382,,,Success
TwoStage_RCS_DL_HKSJ,6_j_shaped,1,True,0.0022628307342529297,,,3.657504767881629e-07,,,Success
TwoStage_RCS_Fixed,6_j_shaped,1,True,0.001550436019897461,,,,,,Success
OneStage_RCS,6_j_shaped,1,True,0.13666844367980957,,,0.04224191066403474,,,Success
TwoStage_RCS_DL_HKSJ,6_j_shaped,2,True,0.002344369888305664,,,3.9145033651323974e-07,,,Success
TwoStage_RCS_Fixed,6_j_shaped,2,True,0.0016283988952636719,,,,,,Success
OneStage_RCS,6_j_shaped,2,True,0.23007416725158691,,,0.04861077404785696,,,Success
TwoStage_RCS_DL_HKSJ,6_j_shaped,3,True,0.002298593521118164,,,1.5131466449096195e-07,,,Success
TwoStage_RCS_Fixed,6_j_shaped,3,True,0.0015993118286132812,,,,,,Success
OneStage_RCS,6_j_shaped,3,True,0.30419135093688965,,,0.021415437502961543,,,Success
TwoStage_RCS_DL_HKSJ,6_j_shaped,4,True,0.0023679733276367188,,,2.60566694568288e-07,,,Success
TwoStage_RCS_Fixed,6_j_shaped,4,True,0.0014264583587646484,,,,,,Success
OneStage_RCS,6_j_shaped,4,True,0.29953813552856445,,,0.03167109104655797,,,Success
TwoStage_RCS_DL_HKSJ,6_j_shaped,5,True,0.0021169185638427734,,,3.9681759243835006e-07,,,Success
TwoStage_RCS_Fixed,6_j_shaped,5,True,0.0013194084167480469,,,,,,Success
OneStage_RCS,6_j_shaped,5,True,0.23229408264160156,,,0.03670730915724532,,,Success
TwoStage_RCS_DL_HKSJ,6_j_shaped,6,True,0.0023148059844970703,,,3.6082841453996916e-07,,,Success
TwoStage_RCS_Fixed,6_j_shaped,6,True,0.0014657974243164062,,,,,,Success
OneStage_RCS,6_j_shaped,6,True,0.370499849319458,,,0.04822592639024354,,,Success
TwoStage_RCS_DL_HKSJ,6_j_shaped,7,True,0.0022461414337158203,,,4.522644530831406e-07,,,Success
TwoStage_RCS_Fixed,6_j_shaped,7,True,0.0013806819915771484,,,,,,Success
OneStage_RCS,6_j_shaped,7,True,0.27908873558044434,,,0.05898527917835313,,,Success
TwoStage_RCS_DL_HKSJ,6_j_shaped,8,True,0.0022225379943847656,,,5.684699109305171e-07,,,Success
TwoStage_RCS_Fixed,6_j_shaped,8,True,0.0015025138854980469,,,,,,Success
OneStage_RCS,6_j_shaped,8,True,0.27557849884033203,,,0.05934584130724771,,,Success
TwoStage_RCS_DL_HKSJ,6_j_shaped,9,True,0.002334117889404297,,,4.6241074468969565e-07,,,Success
TwoStage_RCS_Fixed,6_j_shaped,9,True,0.0014450550079345703,,,,,,Success
OneStage_RCS,6_j_shaped,9,True,0.2197275161743164,,,0.057024004507615446,,,Success
TwoStage_RCS_DL_HKSJ,6_j_shaped,10,True,0.002486705780029297,,,5.090761753266525e-07,,,Success
TwoStage_RCS_Fixed,6_j_shaped,10,True,0.0013165473937988281,,,,,,Success
OneStage_RCS,6_j_shaped,10,True,0.22759509086608887,,,0.055976210204539745,,,Success
TwoStage_RCS_DL_HKSJ,6_j_shaped,11,True,0.002198934555053711,,,8.560202686983965e-07,,,Success
TwoStage_RCS_Fixed,6_j_shaped,11,True,0.0012922286987304688,,,,,,Success
OneStage_RCS,6_j_shaped,11,True,0.1744096279144287,,,0.11219353961422188,,,Success
TwoStage_RCS_DL_HKSJ,6_j_shaped,12,True,0.002167940139770508,,,2.5854752182691174e-07,,,Success
TwoStage_RCS_Fixed,6_j_shaped,12,True,0.00138092041015625,,,,,,Success
OneStage_RCS,6_j_shaped,12,True,0.2080371379852295,,,0.025029941801919434,,,Success
TwoStage_RCS_DL_HKSJ,6_j_shaped,13,True,0.0021703243255615234,,,3.586045300131777e-07,,,Success
TwoStage_RCS_Fixed,6_j_shaped,13,True,0.0013165473937988281,,,,,,Success
OneStage_RCS,6_j_shaped,13,True,0.23066449165344238,,,0.03688120764999625,,,Success
TwoStage_RCS_DL_HKSJ,6_j_shaped,14,True,0.002341032028198242,,,4.045735691235957e-07,,,Success
TwoStage_RCS_Fixed,6_j_shaped,14,True,0.001615762710571289,,,,,,Success
OneStage_RCS,6_j_shaped,14,True,0.23485851287841797,,,0.04334730695498762,,,Success
TwoStage_RCS_DL_HKSJ,6_j_shaped,15,True,0.002162456512451172,,,3.6054092299226356e-07,,,Success
TwoStage_RCS_Fixed,6_j_shaped,15,True,0.001453399658203125,,,,,,Success
OneStage_RCS,6_j_shaped,15,True,0.2359175682067871,,,0.051301182203278936,,,Success
TwoStage_RCS_DL_HKSJ,6_j_shaped,16,True,0.002112150192260742,,,4.3643705686746293e-07,,,Success
TwoStage_RCS_Fixed,6_j_shaped,16,True,0.0015780925750732422,,,,,,Success
OneStage_RCS,6_j_shaped,16,True,0.12662053108215332,,,0.05564969677740087,,,Success
TwoStage_RCS_DL_HKSJ,6_j_shaped,17,True,0.0022199153900146484,,,2.978890527619637e-07,,,Success
TwoStage_RCS_Fixed,6_j_shaped,17,True,0.0013165473937988281,,,,,,Success
OneStage_RCS,6_j_shaped,17,True,0.233428955078125,,,0.03173022472915818,,,Success
TwoStage_RCS_DL_HKSJ,6_j_shaped,18,True,0.0023872852325439453,,,3.225007859573303e-07,,,Success
TwoStage_RCS_Fixed,6_j_shaped,18,True,0.001607656478881836,,,,,,Success
OneStage_RCS,6_j_shaped,18,True,0.12255263328552246,,,0.043071477965997924,,,Success
TwoStage_RCS_DL_HKSJ,6_j_shaped,19,True,0.0024328231811523438,,,4.875272860900695e-07,,,Success
TwoStage_RCS_Fixed,6_j_shaped,19,True,0.0013055801391601562,,,,,,Success
OneStage_RCS,6_j_shaped,19,True,0.23899483680725098,,,0.05111346519468054,,,Success
TwoStage_RCS_DL_HKSJ,6_j_shaped,20,True,0.002164125442504883,,,3.2571743833156316e-07,,,Success
TwoStage_RCS_Fixed,6_j_shaped,20,True,0.0016002655029296875,,,,,,Success
OneStage_RCS,6_j_shaped,20,True,0.17775559425354004,,,0.03551489296356327,,,Success
TwoStage_RCS_DL_HKSJ,6_j_shaped,21,True,0.002503633499145508,,,4.0981442016616466e-07,,,Success
TwoStage_RCS_Fixed,6_j_shaped,21,True,0.0016243457794189453,,,,,,Success
OneStage_RCS,6_j_shaped,21,True,0.2733585834503174,,,0.044696840016118615,,,Success
TwoStage_RCS_DL_HKSJ,6_j_shaped,22,True,0.0022306442260742188,,,3.358179995929166e-07,,,Success
TwoStage_RCS_Fixed,6_j_shaped,22,True,0.0013279914855957031,,,,,,Success
OneStage_RCS,6_j_shaped,22,True,0.2230055332183838,,,0.03849295097487563,,,Success
TwoStage_RCS_DL_HKSJ,6_j_shaped,23,True,0.002150297164916992,,,2.874431826868321e-07,,,Success
TwoStage_RCS_Fixed,6_j_shaped,23,True,0.0013918876647949219,,,,,,Success
OneStage_RCS,6_j_shaped,23,True,0.22753071784973145,,,0.03372792928928384,,,Success
TwoStage_RCS_DL_HKSJ,6_j_shaped,24,True,0.0021491050720214844,,,8.222165309891679e-07,,,Success
TwoStage_RCS_Fixed,6_j_shaped,24,True,0.0014481544494628906,,,,,,Success
OneStage_RCS,6_j_shaped,24,True,0.26058363914489746,,,0.08630868513271299,,,Success
TwoStage_RCS_DL_HKSJ,6_j_shaped,25,True,0.0022771358489990234,,,2.2570918429606528e-07,,,Success
TwoStage_RCS_Fixed,6_j_shaped,25,True,0.001338958740234375,,,,,,Success
OneStage_RCS,6_j_shaped,25,True,0.15573930740356445,,,0.02797410510368218,,,Success
TwoStage_RCS_DL_HKSJ,6_j_shaped,26,True,0.002815723419189453,,,6.512127482893568e-07,,,Success
TwoStage_RCS_Fixed,6_j_shaped,26,True,0.0014159679412841797,,,,,,Success
OneStage_RCS,6_j_shaped,26,True,0.2813596725463867,,,0.07139144998465292,,,Success
TwoStage_RCS_DL_HKSJ,6_j_shaped,27,True,0.002183198928833008,,,4.2456286590050063e-07,,,Success
TwoStage_RCS_Fixed,6_j_shaped,27,True,0.0013532638549804688,,,,,,Success
OneStage_RCS,6_j_shaped,27,True,0.21988177299499512,,,0.04748060678433997,,,Success
TwoStage_RCS_DL_HKSJ,6_j_shaped,28,True,0.002184629440307617,,,3.17838521614352e-07,,,Success
TwoStage_RCS_Fixed,6_j_shaped,28,True,0.00142669677734375,,,,,,Success
OneStage_RCS,6_j_shaped,28,True,0.2727046012878418,,,0.03467037037199617,,,Success
TwoStage_RCS_DL_HKSJ,6_j_shaped,29,True,0.002359151840209961,,,1.6799060286192055e-07,,,Success
TwoStage_RCS_Fixed,6_j_shaped,29,True,0.0014536380767822266,,,,,,Success
OneStage_RCS,6_j_shaped,29,True,0.3185722827911377,,,0.023510276162152576,,,Success
TwoStage_RCS_DL_HKSJ,6_j_shaped,30,True,0.0021562576293945312,,,3.0326279927336307e-07,,,Success
TwoStage_RCS_Fixed,6_j_shaped,30,True,0.0013239383697509766,,,,,,Success
OneStage_RCS,6_j_shaped,30,True,0.36223387718200684,,,0.032115910749582005,,,Success
TwoStage_RCS_DL_HKSJ,6_j_shaped,31,True,0.002414703369140625,,,2.1978733484002616e-07,,,Success
TwoStage_RCS_Fixed,6_j_shaped,31,True,0.0014023780822753906,,,,,,Success
OneStage_RCS,6_j_shaped,31,True,0.1549532413482666,,,0.02444647809028659,,,Success
TwoStage_RCS_DL_HKSJ,6_j_shaped,32,True,0.002157926559448242,,,2.1484138594908848e-07,,,Success
TwoStage_RCS_Fixed,6_j_shaped,32,True,0.0012738704681396484,,,,,,Success
OneStage_RCS,6_j_shaped,32,True,0.22411417961120605,,,0.02431409932286772,,,Success
TwoStage_RCS_DL_HKSJ,6_j_shaped,33,True,0.003167867660522461,,,6.333073307719068e-07,,,Success
TwoStage_RCS_Fixed,6_j_shaped,33,True,0.0015082359313964844,,,,,,Success
OneStage_RCS,6_j_shaped,33,True,0.2265007495880127,,,0.06600974826161327,,,Success
TwoStage_RCS_DL_HKSJ,6_j_shaped,34,True,0.002253293991088867,,,1.9356662614715024e-07,,,Success
TwoStage_RCS_Fixed,6_j_shaped,34,True,0.0013730525970458984,,,,,,Success
OneStage_RCS,6_j_shaped,34,True,0.22829437255859375,,,0.02299720602848646,,,Success
TwoStage_RCS_DL_HKSJ,6_j_shaped,35,True,0.0021736621856689453,,,4.570473853612216e-07,,,Success
TwoStage_RCS_Fixed,6_j_shaped,35,True,0.001302480697631836,,,,,,Success
OneStage_RCS,6_j_shaped,35,True,0.23042011260986328,,,0.04676311689627517,,,Success
TwoStage_RCS_DL_HKSJ,6_j_shaped,36,True,0.0024406909942626953,,,2.7392572476489586e-07,,,Success
TwoStage_RCS_Fixed,6_j_shaped,36,True,0.0018696784973144531,,,,,,Success
OneStage_RCS,6_j_shaped,36,True,0.10034656524658203,,,0.03752044114347506,,,Success
TwoStage_RCS_DL_HKSJ,6_j_shaped,37,True,0.002295255661010742,,,1.6423940147659655e-07,,,Success
TwoStage_RCS_Fixed,6_j_shaped,37,True,0.0015785694122314453,,,,,,Success
OneStage_RCS,6_j_shaped,37,True,0.13524794578552246,,,0.024216366370203843,,,Success
TwoStage_RCS_DL_HKSJ,6_j_shaped,38,True,0.0022699832916259766,,,2.8554642608259695e-07,,,Success
TwoStage_RCS_Fixed,6_j_shaped,38,True,0.0013654232025146484,,,,,,Success
OneStage_RCS,6_j_shaped,38,True,0.24559879302978516,,,0.04014178757038252,,,Success
TwoStage_RCS_DL_HKSJ,6_j_shaped,39,True,0.0023360252380371094,,,5.836021908724397e-07,,,Success
TwoStage_RCS_Fixed,6_j_shaped,39,True,0.0014188289642333984,,,,,,Success
OneStage_RCS,6_j_shaped,39,True,0.21628713607788086,,,0.06757538207898388,,,Success
TwoStage_RCS_DL_HKSJ,6_j_shaped,40,True,0.0022733211517333984,,,2.2582316817672892e-07,,,Success
TwoStage_RCS_Fixed,6_j_shaped,40,True,0.0013360977172851562,,,,,,Success
OneStage_RCS,6_j_shaped,40,True,0.2811107635498047,,,0.02398857674143212,,,Success
TwoStage_RCS_DL_HKSJ,6_j_shaped,41,True,0.0023145675659179688,,,6.853734202550557e-07,,,Success
TwoStage_RCS_Fixed,6_j_shaped,41,True,0.001477956771850586,,,,,,Success
OneStage_RCS,6_j_shaped,41,True,0.27175283432006836,,,0.073172067971454,,,Success
TwoStage_RCS_DL_HKSJ,6_j_shaped,42,True,0.0022149085998535156,,,5.127108214592279e-07,,,Success
TwoStage_RCS_Fixed,6_j_shaped,42,True,0.0014467239379882812,,,,,,Success
OneStage_RCS,6_j_shaped,42,True,0.12232232093811035,,,0.05806652120662639,,,Success
TwoStage_RCS_DL_HKSJ,6_j_shaped,43,True,0.0022017955780029297,,,4.2222780840846743e-07,,,Success
TwoStage_RCS_Fixed,6_j_shaped,43,True,0.0012624263763427734,,,,,,Success
OneStage_RCS,6_j_shaped,43,True,0.12365913391113281,,,0.04809465146626977,,,Success
TwoStage_RCS_DL_HKSJ,6_j_shaped,44,True,0.0022678375244140625,,,2.4726709538789965e-07,,,Success
TwoStage_RCS_Fixed,6_j_shaped,44,True,0.0015990734100341797,,,,,,Success
OneStage_RCS,6_j_shaped,44,True,0.1199333667755127,,,0.03156448264669441,,,Success
TwoStage_RCS_DL_HKSJ,6_j_shaped,45,True,0.0021543502807617188,,,2.951443658490618e-07,,,Success
TwoStage_RCS_Fixed,6_j_shaped,45,True,0.001383066177368164,,,,,,Success
OneStage_RCS,6_j_shaped,45,True,0.08010601997375488,,,0.037346672453924874,,,Success
TwoStage_RCS_DL_HKSJ,6_j_shaped,46,True,0.0021936893463134766,,,1.9309599008537493e-07,,,Success
TwoStage_RCS_Fixed,6_j_shaped,46,True,0.0015921592712402344,,,,,,Success
OneStage_RCS,6_j_shaped,46,True,0.1492137908935547,,,0.02172120642467213,,,Success
TwoStage_RCS_DL_HKSJ,6_j_shaped,47,True,0.002214670181274414,,,6.889454875787518e-07,,,Success
TwoStage_RCS_Fixed,6_j_shaped,47,True,0.0013012886047363281,,,,,,Success
OneStage_RCS,6_j_shaped,47,True,0.28075480461120605,,,0.07263284974485745,,,Success
TwoStage_RCS_DL_HKSJ,6_j_shaped,48,True,0.0022611618041992188,,,7.16564981531616e-07,,,Success
TwoStage_RCS_Fixed,6_j_shaped,48,True,0.0013165473937988281,,,,,,Success
OneStage_RCS,6_j_shaped,48,True,0.28370094299316406,,,0.08075470437489336,,,Success
TwoStage_RCS_DL_HKSJ,6_j_shaped,49,True,0.0032846927642822266,,,4.6423769210074814e-07,,,Success
TwoStage_RCS_Fixed,6_j_shaped,49,True,0.0020723342895507812,,,,,,Success
OneStage_RCS,6_j_shaped,49,True,0.08344149589538574,,,0.04535660022163923,,,Success
TwoStage_RCS_DL_HKSJ,7_quadratic_dose_dep_het,0,True,0.0023109912872314453,,,2.2098865281263396e-07,,,Success
TwoStage_RCS_Fixed,7_quadratic_dose_dep_het,0,True,0.0015437602996826172,,,,,,Success
OneStage_RCS,7_quadratic_dose_dep_het,0,True,0.15652108192443848,,,0.04607553152038635,,,Success
TwoStage_RCS_DL_HKSJ,7_quadratic_dose_dep_het,1,True,0.0021262168884277344,,,3.3564478674292773e-07,,,Success
TwoStage_RCS_Fixed,7_quadratic_dose_dep_het,1,True,0.0013146400451660156,,,,,,Success
OneStage_RCS,7_quadratic_dose_dep_het,1,True,0.21332049369812012,,,0.007029470949513805,,,Success
TwoStage_RCS_DL_HKSJ,7_quadratic_dose_dep_het,2,True,0.0021941661834716797,,,3.2330184768873834e-07,,,Success
TwoStage_RCS_Fixed,7_quadratic_dose_dep_het,2,True,0.0014007091522216797,,,,,,Success
OneStage_RCS,7_quadratic_dose_dep_het,2,True,0.10273289680480957,,,0.006438171430128177,,,Success
TwoStage_RCS_DL_HKSJ,7_quadratic_dose_dep_het,3,True,0.002128124237060547,,,1.865470348356767e-07,,,Success
TwoStage_RCS_Fixed,7_quadratic_dose_dep_het,3,True,0.0013530254364013672,,,,,,Success
OneStage_RCS,7_quadratic_dose_dep_het,3,True,0.25145483016967773,,,0.002783584620194387,,,Success
TwoStage_RCS_DL_HKSJ,7_quadratic_dose_dep_het,4,True,0.0024356842041015625,,,3.961105547551434e-07,,,Success
TwoStage_RCS_Fixed,7_quadratic_dose_dep_het,4,True,0.0012574195861816406,,,,,,Success
OneStage_RCS,7_quadratic_dose_dep_het,4,True,0.15494418144226074,,,0.07116524159219484,,,Success
TwoStage_RCS_DL_HKSJ,7_quadratic_dose_dep_het,5,True,0.002171039581298828,,,2.35536944705111e-07,,,Success
TwoStage_RCS_Fixed,7_quadratic_dose_dep_het,5,True,0.0011568069458007812,,,,,,Success
OneStage_RCS,7_quadratic_dose_dep_het,5,True,0.16722536087036133,,,0.05574578945515541,,,Success
TwoStage_RCS_DL_HKSJ,7_quadratic_dose_dep_het,6,True,0.0021843910217285156,,,2.1672077868774902e-07,,,Success
TwoStage_RCS_Fixed,7_quadratic_dose_dep_het,6,True,0.0013995170593261719,,,,,,Success
OneStage_RCS,7_quadratic_dose_dep_het,6,True,0.2797853946685791,,,0.005818307729153614,,,Success
TwoStage_RCS_DL_HKSJ,7_quadratic_dose_dep_het,7,True,0.002204418182373047,,,3.521641438380823e-07,,,Success
TwoStage_RCS_Fixed,7_quadratic_dose_dep_het,7,True,0.0015139579772949219,,,,,,Success
OneStage_RCS,7_quadratic_dose_dep_het,7,True,0.20957612991333008,,,0.04829656442232334,,,Success
TwoStage_RCS_DL_HKSJ,7_quadratic_dose_dep_het,8,True,0.0021848678588867188,,,2.968329938600479e-07,,,Success
TwoStage_RCS_Fixed,7_quadratic_dose_dep_het,8,True,0.0013675689697265625,,,,,,Success
OneStage_RCS,7_quadratic_dose_dep_het,8,True,0.10008573532104492,,,0.00583187170676693,,,Success
TwoStage_RCS_DL_HKSJ,7_quadratic_dose_dep_het,9,True,0.0023546218872070312,,,3.096363784360974e-07,,,Success
TwoStage_RCS_Fixed,7_quadratic_dose_dep_het,9,True,0.0013384819030761719,,,,,,Success
OneStage_RCS,7_quadratic_dose_dep_het,9,True,0.35576319694519043,,,0.04664643372998201,,,Success
TwoStage_RCS_DL_HKSJ,7_quadratic_dose_dep_het,10,True,0.002206563949584961,,,3.782229354863319e-07,,,Success
TwoStage_RCS_Fixed,7_quadratic_dose_dep_het,10,True,0.0015063285827636719,,,,,,Success
OneStage_RCS,7_quadratic_dose_dep_het,10,True,0.19095158576965332,,,0.0946734019581674,,,Success
TwoStage_RCS_DL_HKSJ,7_quadratic_dose_dep_het,11,True,0.0024166107177734375,,,3.368370767368001e-07,,,Success
TwoStage_RCS_Fixed,7_quadratic_dose_dep_het,11,True,0.001383066177368164,,,,,,Success
OneStage_RCS,7_quadratic_dose_dep_het,11,True,0.07048821449279785,,,0.06712029332294366,,,Success
TwoStage_RCS_DL_HKSJ,7_quadratic_dose_dep_het,12,True,0.0021843910217285156,,,1.1663888270562944e-07,,,Success
TwoStage_RCS_Fixed,7_quadratic_dose_dep_het,12,True,0.0016045570373535156,,,,,,Success
OneStage_RCS,7_quadratic_dose_dep_het,12,True,0.20136237144470215,,,0.0429107212148833,,,Success
TwoStage_RCS_DL_HKSJ,7_quadratic_dose_dep_het,13,True,0.002705097198486328,,,3.3444409154821787e-07,,,Success
TwoStage_RCS_Fixed,7_quadratic_dose_dep_het,13,True,0.0014510154724121094,,,,,,Success
OneStage_RCS,7_quadratic_dose_dep_het,13,True,0.1772174835205078,,,0.04335877030621648,,,Success
TwoStage_RCS_DL_HKSJ,7_quadratic_dose_dep_het,14,True,0.002178192138671875,,,2.0658679316954454e-07,,,Success
TwoStage_RCS_Fixed,7_quadratic_dose_dep_het,14,True,0.0014574527740478516,,,,,,Success
OneStage_RCS,7_quadratic_dose_dep_het,14,True,0.1484973430633545,,,0.0037749072748219223,,,Success
TwoStage_RCS_DL_HKSJ,7_quadratic_dose_dep_het,15,True,0.0020987987518310547,,,1.1635040094399522e-07,,,Success
TwoStage_RCS_Fixed,7_quadratic_dose_dep_het,15,True,0.0012996196746826172,,,,,,Success
OneStage_RCS,7_quadratic_dose_dep_het,15,True,0.16329646110534668,,,0.002408686119015185,,,Success
TwoStage_RCS_DL_HKSJ,7_quadratic_dose_dep_het,16,True,0.0021517276763916016,,,2.467713261450632e-07,,,Success
TwoStage_RCS_Fixed,7_quadratic_dose_dep_het,16,True,0.0012946128845214844,,,,,,Success
OneStage_RCS,7_quadratic_dose_dep_het,16,True,0.11940693855285645,,,0.057262531400929205,,,Success
TwoStage_RCS_DL_HKSJ,7_quadratic_dose_dep_het,17,True,0.0021359920501708984,,,1.8566996833245782e-07,,,Success
TwoStage_RCS_Fixed,7_quadratic_dose_dep_het,17,True,0.0013704299926757812,,,,,,Success
OneStage_RCS,7_quadratic_dose_dep_het,17,True,0.19405341148376465,,,0.004383893068145994,,,Success
TwoStage_RCS_DL_HKSJ,7_quadratic_dose_dep_het,18,True,0.002119779586791992,,,5.284345134731443e-07,,,Success
TwoStage_RCS_Fixed,7_quadratic_dose_dep_het,18,True,0.0014073848724365234,,,,,,Success
OneStage_RCS,7_quadratic_dose_dep_het,18,True,0.12302732467651367,,,0.007655305245672404,,,Success
TwoStage_RCS_DL_HKSJ,7_quadratic_dose_dep_het,19,True,0.002396106719970703,,,3.7656349776003685e-07,,,Success
TwoStage_RCS_Fixed,7_quadratic_dose_dep_het,19,True,0.0014300346374511719,,,,,,Success
OneStage_RCS,7_quadratic_dose_dep_het,19,True,0.2670278549194336,,,0.0637708367932037,,,Success
TwoStage_RCS_DL_HKSJ,7_quadratic_dose_dep_het,20,True,0.002145528793334961,,,3.075022907412875e-07,,,Success
TwoStage_RCS_Fixed,7_quadratic_dose_dep_het,20,True,0.001397848129272461,,,,,,Success
OneStage_RCS,7_quadratic_dose_dep_het,20,True,0.1048741340637207,,,0.006164981029660695,,,Success
TwoStage_RCS_DL_HKSJ,7_quadratic_dose_dep_het,21,True,0.002239704132080078,,,2.0901533248206732e-07,,,Success
TwoStage_RCS_Fixed,7_quadratic_dose_dep_het,21,True,0.0014350414276123047,,,,,,Success
OneStage_RCS,7_quadratic_dose_dep_het,21,True,0.22612476348876953,,,0.049298745457088296,,,Success
TwoStage_RCS_DL_HKSJ,7_quadratic_dose_dep_het,22,True,0.0024750232696533203,,,1.7803796152762668e-07,,,Success
TwoStage_RCS_Fixed,7_quadratic_dose_dep_het,22,True,0.0015225410461425781,,,,,,Success
OneStage_RCS,7_quadratic_dose_dep_het,22,True,0.22144603729248047,,,0.06542815760539981,,,Success
TwoStage_RCS_DL_HKSJ,7_quadratic_dose_dep_het,23,True,0.002215862274169922,,,2.222121797281521e-07,,,Success
TwoStage_RCS_Fixed,7_quadratic_dose_dep_het,23,True,0.0013740062713623047,,,,,,Success
OneStage_RCS,7_quadratic_dose_dep_het,23,True,0.1974492073059082,,,0.004160934011701745,,,Success
TwoStage_RCS_DL_HKSJ,7_quadratic_dose_dep_het,24,True,0.0022165775299072266,,,1.855377010848722e-07,,,Success
TwoStage_RCS_Fixed,7_quadratic_dose_dep_het,24,True,0.001378774642944336,,,,,,Success
OneStage_RCS,7_quadratic_dose_dep_het,24,True,0.12819933891296387,,,0.00485336353384228,,,Success
TwoStage_RCS_DL_HKSJ,7_quadratic_dose_dep_het,25,True,0.002157449722290039,,,2.5781775823954085e-07,,,Success
TwoStage_RCS_Fixed,7_quadratic_dose_dep_het,25,True,0.0013663768768310547,,,,,,Success
OneStage_RCS,7_quadratic_dose_dep_het,25,True,0.10471582412719727,,,0.002990808090903097,,,Success
TwoStage_RCS_DL_HKSJ,7_quadratic_dose_dep_het,26,True,0.0026657581329345703,,,2.4301994746836404e-07,,,Success
TwoStage_RCS_Fixed,7_quadratic_dose_dep_het,26,True,0.0016028881072998047,,,,,,Success
OneStage_RCS,7_quadratic_dose_dep_het,26,True,0.12089276313781738,,,0.044224085192879105,,,Success
TwoStage_RCS_DL_HKSJ,7_quadratic_dose_dep_het,27,True,0.002199411392211914,,,1.8635356384755496e-07,,,Success
TwoStage_RCS_Fixed,7_quadratic_dose_dep_het,27,True,0.0014078617095947266,,,,,,Success
OneStage_RCS,7_quadratic_dose_dep_het,27,True,0.2105870246887207,,,0.003942181786524074,,,Success
TwoStage_RCS_DL_HKSJ,7_quadratic_dose_dep_het,28,True,0.002173900604248047,,,3.0953729611812953e-07,,,Success
TwoStage_RCS_Fixed,7_quadratic_dose_dep_het,28,True,0.0013501644134521484,,,,,,Success
OneStage_RCS,7_quadratic_dose_dep_het,28,True,0.24511384963989258,,,0.05136973351479525,,,Success
TwoStage_RCS_DL_HKSJ,7_quadratic_dose_dep_het,29,True,0.002344369888305664,,,3.2018681257420436e-07,,,Success
TwoStage_RCS_Fixed,7_quadratic_dose_dep_het,29,True,0.0012836456298828125,,,,,,Success
OneStage_RCS,7_quadratic_dose_dep_het,29,True,0.19530320167541504,,,0.05327024640718681,,,Success
TwoStage_RCS_DL_HKSJ,7_quadratic_dose_dep_het,30,True,0.002118349075317383,,,2.362978380798212e-07,,,Success
TwoStage_RCS_Fixed,7_quadratic_dose_dep_het,30,True,0.0012977123260498047,,,,,,Success
OneStage_RCS,7_quadratic_dose_dep_het,30,True,0.11589217185974121,,,0.004139953694454842,,,Success
TwoStage_RCS_DL_HKSJ,7_quadratic_dose_dep_het,31,True,0.0027582645416259766,,,2.413405059605691e-07,,,Success
TwoStage_RCS_Fixed,7_quadratic_dose_dep_het,31,True,0.0016105175018310547,,,,,,Success
OneStage_RCS,7_quadratic_dose_dep_het,31,True,0.13696765899658203,,,0.004055445397268915,,,Success
TwoStage_RCS_DL_HKSJ,7_quadratic_dose_dep_het,32,True,0.002284526824951172,,,1.7544996708375503e-07,,,Success
TwoStage_RCS_Fixed,7_quadratic_dose_dep_het,32,True,0.0013127326965332031,,,,,,Success
OneStage_RCS,7_quadratic_dose_dep_het,32,True,0.1145780086517334,,,0.029585740659437414,,,Success
TwoStage_RCS_DL_HKSJ,7_quadratic_dose_dep_het,33,True,0.0021576881408691406,,,2.2751760080173108e-07,,,Success
TwoStage_RCS_Fixed,7_quadratic_dose_dep_het,33,True,0.0012705326080322266,,,,,,Success
OneStage_RCS,7_quadratic_dose_dep_het,33,True,0.2347736358642578,,,0.04927245147982043,,,Success
TwoStage_RCS_DL_HKSJ,7_quadratic_dose_dep_het,34,True,0.002175569534301758,,,2.6669409659616677e-07,,,Success
TwoStage_RCS_Fixed,7_quadratic_dose_dep_het,34,True,0.0014414787292480469,,,,,,Success
OneStage_RCS,7_quadratic_dose_dep_het,34,True,0.13284730911254883,,,0.004858217525841146,,,Success
TwoStage_RCS_DL_HKSJ,7_quadratic_dose_dep_het,35,True,0.002414226531982422,,,2.670085762039297e-07,,,Success
TwoStage_RCS_Fixed,7_quadratic_dose_dep_het,35,True,0.0016109943389892578,,,,,,Success
OneStage_RCS,7_quadratic_dose_dep_het,35,True,0.1354222297668457,,,0.03821757452529797,,,Success
TwoStage_RCS_DL_HKSJ,7_quadratic_dose_dep_het,36,True,0.002173185348510742,,,2.3169045900986945e-07,,,Success
TwoStage_RCS_Fixed,7_quadratic_dose_dep_het,36,True,0.0012526512145996094,,,,,,Success
OneStage_RCS,7_quadratic_dose_dep_het,36,True,0.13872194290161133,,,0.06544913275938226,,,Success
TwoStage_RCS_DL_HKSJ,7_quadratic_dose_dep_het,37,True,0.0022258758544921875,,,2.4834776427898064e-07,,,Success
TwoStage_RCS_Fixed,7_quadratic_dose_dep_het,37,True,0.0014104843139648438,,,,,,Success
OneStage_RCS,7_quadratic_dose_dep_het,37,True,0.30153822898864746,,,0.04262425245850564,,,Success
TwoStage_RCS_DL_HKSJ,7_quadratic_dose_dep_het,38,True,0.0021347999572753906,,,1.4281998200424543e-07,,,Success
TwoStage_RCS_Fixed,7_quadratic_dose_dep_het,38,True,0.0015316009521484375,,,,,,Success
OneStage_RCS,7_quadratic_dose_dep_het,38,True,0.19928646087646484,,,0.04770841735495665,,,Success
TwoStage_RCS_DL_HKSJ,7_quadratic_dose_dep_het,39,True,0.0024118423461914062,,,2.917318593770798e-07,,,Success
TwoStage_RCS_Fixed,7_quadratic_dose_dep_het,39,True,0.0013689994812011719,,,,,,Success
OneStage_RCS,7_quadratic_dose_dep_het,39,True,0.08440351486206055,,,0.05821675122995606,,,Success
TwoStage_RCS_DL_HKSJ,7_quadratic_dose_dep_het,40,True,0.0024819374084472656,,,1.5751263556986938e-07,,,Success
TwoStage_RCS_Fixed,7_quadratic_dose_dep_het,40,True,0.0012962818145751953,,,,,,Success
OneStage_RCS,7_quadratic_dose_dep_het,40,True,0.21004247665405273,,,0.032620931446596016,,,Success
TwoStage_RCS_DL_HKSJ,7_quadratic_dose_dep_het,41,True,0.0023224353790283203,,,3.946029729452655e-07,,,Success
TwoStage_RCS_Fixed,7_quadratic_dose_dep_het,41,True,0.0013604164123535156,,,,,,Success
OneStage_RCS,7_quadratic_dose_dep_het,41,True,0.1019432544708252,,,0.005050700972170193,,,Success
TwoStage_RCS_DL_HKSJ,7_quadratic_dose_dep_het,42,True,0.0022726058959960938,,,3.098405252928105e-07,,,Success
TwoStage_RCS_Fixed,7_quadratic_dose_dep_het,42,True,0.001497507095336914,,,,,,Success
OneStage_RCS,7_quadratic_dose_dep_het,42,True,0.1908884048461914,,,0.03939433825420361,,,Success
TwoStage_RCS_DL_HKSJ,7_quadratic_dose_dep_het,43,True,0.0021469593048095703,,,4.771384256900276e-07,,,Success
TwoStage_RCS_Fixed,7_quadratic_dose_dep_het,43,True,0.0013458728790283203,,,,,,Success
OneStage_RCS,7_quadratic_dose_dep_het,43,True,0.3151395320892334,,,0.005788778308628843,,,Success
TwoStage_RCS_DL_HKSJ,7_quadratic_dose_dep_het,44,True,0.002256155014038086,,,2.5302041540514914e-07,,,Success
TwoStage_RCS_Fixed,7_quadratic_dose_dep_het,44,True,0.0014219284057617188,,,,,,Success
OneStage_RCS,7_quadratic_dose_dep_het,44,True,0.10454821586608887,,,0.003684036313985632,,,Success
TwoStage_RCS_DL_HKSJ,7_quadratic_dose_dep_het,45,True,0.0026857852935791016,,,1.2348324541214141e-07,,,Success
TwoStage_RCS_Fixed,7_quadratic_dose_dep_het,45,True,0.001489400863647461,,,,,,Success
OneStage_RCS,7_quadratic_dose_dep_het,45,True,0.138108491897583,,,0.03731279466078952,,,Success
TwoStage_RCS_DL_HKSJ,7_quadratic_dose_dep_het,46,True,0.002605438232421875,,,1.6566331791712532e-07,,,Success
TwoStage_RCS_Fixed,7_quadratic_dose_dep_het,46,True,0.0014355182647705078,,,,,,Success
OneStage_RCS,7_quadratic_dose_dep_het,46,True,0.17209696769714355,,,0.004495220853503148,,,Success
TwoStage_RCS_DL_HKSJ,7_quadratic_dose_dep_het,47,True,0.002168893814086914,,,2.588344239554961e-07,,,Success
TwoStage_RCS_Fixed,7_quadratic_dose_dep_het,47,True,0.0015444755554199219,,,,,,Success
OneStage_RCS,7_quadratic_dose_dep_het,47,True,0.17383432388305664,,,0.04079036099593833,,,Success
TwoStage_RCS_DL_HKSJ,7_quadratic_dose_dep_het,48,True,0.002195596694946289,,,2.492444470090483e-07,,,Success
TwoStage_RCS_Fixed,7_quadratic_dose_dep_het,48,True,0.0013527870178222656,,,,,,Success
OneStage_RCS,7_quadratic_dose_dep_het,48,True,0.22261977195739746,,,0.06099278014998479,,,Success
TwoStage_RCS_DL_HKSJ,7_quadratic_dose_dep_het,49,True,0.002247333526611328,,,3.2674404226340096e-07,,,Success
TwoStage_RCS_Fixed,7_quadratic_dose_dep_het,49,True,0.0014977455139160156,,,,,,Success
OneStage_RCS,7_quadratic_dose_dep_het,49,True,0.09405827522277832,,,0.005561141813204003,,,Success
